,Land Square Feet,Apartments,Wall Material,Roof Material,Basement,Basement Finish,Central Heating,Other Heating,Central Air,Fireplaces,Attic Type,Attic Finish,Cathedral Ceiling,Garage 1 Size,Garage 1 Material,Garage 1 Attachment,Garage 1 Area,Garage 2 Size,Garage 2 Material,Garage 2 Attachment,Garage 2 Area,Porch,Building Square Feet,Repair Condition,Estimate (Land),Estimate (Building),Sale Price,Multi Property Indicator,Use,O'Hare Noise,Floodplain,Road Proximity,Age Decade,Pure Market Filter,Garage Indicator,Lot Size,Bathrooms,Bedrooms
6935,3780.0,0.0,1.0,1.0,1.0,3.0,1.0,5.0,1.0,0.0,1.0,1,0.0,3.0,1.0,2.0,2.0,7.0,0.0,0.0,0.0,3,1718.0,2.0,45360,197030,260000,0,1,0.0,0.0,0.0,11.4,1,1.0,3780.0,4,1.0
43726,5332.0,0.0,2.0,1.0,1.0,3.0,2.0,5.0,0.0,0.0,3.0,0,2.0,3.0,1.0,2.0,2.0,7.0,0.0,0.0,0.0,3,1533.0,2.0,58650,87940,70000,0,1,0.0,0.0,0.0,10.5,1,1.0,5332.0,3,1.5
192290,3750.0,0.0,3.0,1.0,1.0,1.0,1.0,5.0,0.0,0.0,3.0,0,0.0,1.0,1.0,2.0,2.0,7.0,0.0,0.0,0.0,3,880.0,2.0,30000,72400,1,0,1,0.0,0.0,0.0,9.5,0,1.0,3750.000000000001,2,2.0
37001,9800.0,0.0,1.0,1.0,3.0,3.0,1.0,5.0,0.0,1.0,3.0,0,0.0,3.0,1.0,1.0,2.0,7.0,0.0,0.0,0.0,3,2562.0,2.0,41650,317100,268000,0,1,0.0,0.0,1.0,3.9,1,1.0,9800.0,4,2.5
14491,4125.0,0.0,2.0,1.0,1.0,1.0,2.0,5.0,1.0,0.0,2.0,3,0.0,0.0,0.0,0.0,0.0,7.0,0.0,0.0,0.0,3,1082.0,2.0,99000,315960,1,0,1,0.0,0.0,0.0,9.8,0,0.0,4125.000000000001,2,1.5
199135,20001.0,0.0,1.0,1.0,2.0,3.0,1.0,2.0,1.0,0.0,2.0,3,2.0,3.0,1.0,1.0,2.0,7.0,0.0,0.0,0.0,3,1680.0,2.0,70000,110340,95000,0,1,0.0,0.0,0.0,6.1,1,1.0,20001.0,4,2.0
88645,6150.0,0.0,1.0,1.0,1.0,3.0,1.0,5.0,1.0,0.0,1.0,3,0.0,3.0,1.0,2.0,2.0,7.0,0.0,0.0,0.0,3,1231.0,2.0,21520,72510,110000,0,1,0.0,0.0,0.0,4.9,1,1.0,6149.999999999999,3,1.5
86961,3750.0,0.0,2.0,1.0,1.0,1.0,1.0,5.0,1.0,0.0,2.0,3,2.0,0.0,0.0,0.0,0.0,7.0,0.0,0.0,0.0,3,900.0,2.0,22500,84100,55000,0,1,0.0,0.0,0.0,5.3,1,0.0,3750.000000000001,4,2.0
65784,3958.0,0.0,1.0,1.0,1.0,3.0,1.0,5.0,0.0,0.0,1.0,3,2.0,1.0,1.0,2.0,2.0,7.0,0.0,0.0,0.0,3,1539.0,2.0,23740,80090,20000,0,1,0.0,0.0,0.0,8.2,1,1.0,3958.000000000001,3,1.0
122093,4940.0,0.0,1.0,1.0,1.0,1.0,2.0,5.0,0.0,0.0,2.0,3,0.0,3.0,1.0,2.0,2.0,7.0,0.0,0.0,0.0,1,1168.0,2.0,49400,253070,340000,0,1,0.0,0.0,0.0,8.6,1,1.0,4940.0,3,1.5
28925,20000.0,0.0,1.0,1.0,2.0,3.0,1.0,5.0,0.0,1.0,3.0,0,0.0,3.0,1.0,2.0,2.0,7.0,0.0,0.0,0.0,3,1288.0,2.0,105000,103610,270000,0,1,0.0,0.0,0.0,6.2,1,1.0,20000.0,3,1.0
182233,4250.0,0.0,2.0,2.0,1.0,3.0,2.0,5.0,1.0,2.0,3.0,0,2.0,3.0,2.0,2.0,2.0,7.0,0.0,0.0,0.0,3,2924.0,2.0,238000,645470,1,0,1,0.0,0.0,0.0,10.5,0,1.0,4249.999999999999,3,2.0
117831,20000.0,0.0,3.0,1.0,2.0,3.0,1.0,5.0,1.0,0.0,3.0,0,0.0,3.0,1.0,2.0,2.0,7.0,0.0,0.0,0.0,3,1560.0,2.0,100000,144030,270000,0,1,0.0,0.0,0.0,6.7,1,1.0,20000.0,3,1.0
164397,14823.0,0.0,3.0,1.0,2.0,3.0,1.0,2.0,0.0,0.0,2.0,3,0.0,4.0,1.0,2.0,2.0,7.0,0.0,0.0,0.0,3,1759.0,2.0,37050,81820,92500,0,1,0.0,0.0,0.0,5.1,1,1.0,14823.000000000004,4,1.5
86240,4166.0,0.0,2.0,1.0,1.0,3.0,1.0,5.0,0.0,0.0,3.0,0,0.0,2.0,1.0,2.0,2.0,7.0,0.0,0.0,0.0,3,1177.0,2.0,13530,46790,33500,0,1,0.0,0.0,0.0,5.9,1,1.0,4166.000000000001,3,1.0
197961,3125.0,0.0,2.0,2.0,1.0,3.0,1.0,5.0,1.0,0.0,3.0,0,2.0,3.0,1.0,2.0,2.0,7.0,0.0,0.0,0.0,3,2717.0,2.0,31250,395220,485000,0,1,0.0,0.0,0.0,1.0,1,1.0,3125.0,4,2.5
2235,4352.0,0.0,3.0,1.0,1.0,3.0,1.0,2.0,0.0,0.0,3.0,0,0.0,3.0,1.0,2.0,2.0,7.0,0.0,0.0,0.0,3,924.0,2.0,28280,89750,154000,0,1,0.0,0.0,0.0,6.1,1,1.0,4352.0,3,1.0
184480,3750.0,0.0,2.0,1.0,3.0,3.0,1.0,5.0,0.0,0.0,3.0,0,2.0,0.0,0.0,0.0,0.0,7.0,0.0,0.0,0.0,3,1035.0,2.0,90000,295240,635000,0,1,0.0,0.0,0.0,9.2,1,0.0,3750.000000000001,2,1.0
154111,4125.0,0.0,1.0,1.0,1.0,3.0,1.0,5.0,0.0,0.0,1.0,1,0.0,3.0,1.0,2.0,2.0,7.0,0.0,0.0,0.0,3,1678.0,2.0,53620,247230,1,0,1,0.0,0.0,0.0,9.9,0,1.0,4125.000000000001,3,1.5
156157,8454.0,0.0,1.0,1.0,4.0,3.0,1.0,5.0,1.0,0.0,2.0,1,2.0,5.0,1.0,2.0,2.0,7.0,0.0,0.0,0.0,3,1587.0,2.0,25360,159200,160000,0,1,0.0,0.0,0.0,6.4,1,1.0,8453.999999999998,4,2.0
66484,3100.0,0.0,1.0,1.0,2.0,3.0,1.0,5.0,0.0,0.0,3.0,0,0.0,1.0,1.0,2.0,2.0,7.0,0.0,0.0,0.0,3,2010.0,2.0,35650,85890,89300,0,1,0.0,0.0,0.0,11.2,1,1.0,3099.9999999999995,4,2.0
154854,5508.0,0.0,1.0,1.0,2.0,3.0,1.0,5.0,0.0,0.0,3.0,0,0.0,0.0,0.0,0.0,0.0,7.0,0.0,0.0,0.0,3,1076.0,2.0,17900,48540,24000,0,1,0.0,0.0,0.0,5.1,1,0.0,5508.0,3,1.0
203266,3750.0,0.0,1.0,1.0,1.0,3.0,2.0,2.0,0.0,0.0,1.0,3,0.0,2.0,1.0,2.0,2.0,7.0,0.0,0.0,0.0,3,888.0,2.0,37500,117650,137500,0,1,0.0,0.0,0.0,9.2,1,1.0,3750.000000000001,2,1.0
76196,3538.0,0.0,1.0,1.0,1.0,3.0,1.0,5.0,0.0,0.0,1.0,3,0.0,3.0,1.0,2.0,2.0,7.0,0.0,0.0,0.0,3,1320.0,2.0,45990,259690,427500,0,1,0.0,0.0,0.0,10.3,1,1.0,3538.0,3,1.5
103192,6250.0,0.0,2.0,1.0,1.0,3.0,1.0,5.0,1.0,0.0,3.0,0,2.0,3.0,1.0,2.0,2.0,7.0,0.0,0.0,0.0,3,1021.0,2.0,46870,89590,215110,0,1,0.0,0.0,0.0,6.3,1,1.0,6250.000000000001,3,1.5
40069,7320.0,0.0,3.0,1.0,1.0,3.0,1.0,5.0,1.0,2.0,3.0,0,0.0,3.0,1.0,2.0,2.0,7.0,0.0,0.0,0.0,3,3364.0,2.0,36600,176760,1,0,1,0.0,0.0,0.0,6.3,0,1.0,7320.000000000001,4,2.5
28348,4760.572982774252,0.0,1.0,1.0,2.0,3.0,1.0,5.0,1.0,0.0,3.0,0,2.0,7.0,1.0,1.0,1.0,7.0,0.0,0.0,0.0,3,996.0,2.0,253050,985750,275714,1,1,0.0,0.0,0.0,12.1,1,1.0,4760.5729827742525,2,1.0
19202,11250.0,0.0,1.0,1.0,3.0,3.0,2.0,5.0,0.0,1.0,3.0,0,0.0,3.0,1.0,2.0,2.0,7.0,0.0,0.0,0.0,3,1594.0,2.0,64680,433320,537500,0,1,0.0,0.0,0.0,7.1,1,1.0,11249.999999999998,3,1.0
69815,5500.0,0.0,2.0,1.0,1.0,1.0,2.0,5.0,0.0,0.0,3.0,0,0.0,3.0,1.0,2.0,2.0,7.0,0.0,0.0,0.0,3,910.0,2.0,27500,100840,40100,0,1,0.0,0.0,0.0,6.4,1,1.0,5500.0,2,1.0
163411,8125.0,0.0,1.0,1.0,1.0,3.0,2.0,5.0,0.0,0.0,1.0,3,0.0,3.0,2.0,2.0,2.0,7.0,0.0,0.0,0.0,1,1710.0,2.0,34530,93370,52000,0,1,0.0,0.0,0.0,11.4,1,1.0,8124.999999999997,4,1.5
178429,3780.0,0.0,2.0,1.0,1.0,3.0,1.0,5.0,1.0,0.0,2.0,1,2.0,1.0,1.0,2.0,2.0,7.0,0.0,0.0,0.0,1,1443.0,2.0,32130,237070,325000,0,1,0.0,0.0,0.0,9.1,1,1.0,3780.0,3,1.5
163236,2837.0,0.0,1.0,1.0,2.0,3.0,1.0,5.0,0.0,0.0,3.0,0,0.0,0.0,0.0,0.0,0.0,7.0,0.0,0.0,0.0,3,864.0,2.0,28370,87380,12000,0,1,0.0,0.0,0.0,11.6,1,0.0,2836.9999999999995,2,1.0
200402,3875.0,0.0,2.0,1.0,1.0,3.0,1.0,5.0,0.0,0.0,3.0,0,0.0,3.0,1.0,2.0,2.0,7.0,0.0,0.0,0.0,3,1200.0,2.0,27120,152110,185000,0,1,0.0,0.0,0.0,3.2,1,1.0,3875.0,3,1.5
44045,3720.0,0.0,1.0,1.0,1.0,1.0,2.0,5.0,0.0,0.0,3.0,0,0.0,3.0,1.0,2.0,2.0,7.0,0.0,0.0,0.0,3,740.0,2.0,40920,159430,385000,0,1,0.0,0.0,1.0,9.3,1,1.0,3720.0,2,1.0
39126,7150.0,0.0,3.0,1.0,2.0,3.0,1.0,5.0,1.0,0.0,1.0,1,1.0,4.0,1.0,2.0,2.0,7.0,0.0,0.0,0.0,3,1413.0,2.0,26810,169240,165000,0,1,0.0,0.0,0.0,5.7,1,1.0,7150.0,2,1.5
81343,7250.0,0.0,2.0,1.0,1.0,3.0,1.0,5.0,1.0,0.0,3.0,0,0.0,3.0,1.0,2.0,2.0,7.0,0.0,0.0,0.0,3,1157.0,2.0,39870,186530,260000,0,1,0.0,0.0,0.0,6.0,1,1.0,7250.000000000001,3,1.0
178292,7500.0,0.0,1.0,1.0,1.0,1.0,1.0,5.0,1.0,1.0,3.0,0,2.0,3.0,1.0,1.0,1.0,7.0,0.0,0.0,0.0,3,1123.0,2.0,20620,77690,110000,0,1,0.0,0.0,0.0,4.5,1,1.0,7500.0,3,1.5
7584,9696.0,0.0,1.0,1.0,1.0,3.0,2.0,5.0,1.0,1.0,3.0,0,2.0,3.0,1.0,1.0,1.0,7.0,0.0,0.0,0.0,3,3079.0,2.0,128470,788750,1200000,0,1,0.0,0.0,0.0,9.2,1,1.0,9696.0,5,3.0
144803,11151.0,0.0,3.0,1.0,1.0,3.0,1.0,5.0,1.0,1.0,3.0,0,2.0,4.0,2.0,1.0,2.0,7.0,0.0,0.0,0.0,3,2296.0,2.0,50170,294790,325000,0,1,0.0,0.0,0.0,1.6,1,1.0,11150.999999999996,3,2.5
19017,7500.0,0.0,2.0,1.0,4.0,3.0,1.0,5.0,1.0,0.0,2.0,3,2.0,3.0,2.0,2.0,2.0,7.0,0.0,0.0,0.0,1,1196.0,2.0,46870,157870,222500,0,1,0.0,0.0,0.0,6.0,1,1.0,7500.0,3,1.0
153934,13800.0,0.0,1.0,4.0,1.0,1.0,1.0,5.0,1.0,2.0,3.0,0,2.0,3.0,1.0,1.0,1.0,7.0,0.0,0.0,0.0,3,3879.0,1.0,224250,1086900,2100000,0,1,0.0,0.0,0.0,1.6,1,1.0,13800.0,5,6.0
53545,7320.0,0.0,3.0,1.0,2.0,3.0,1.0,5.0,1.0,0.0,3.0,0,0.0,3.0,1.0,1.0,2.0,7.0,0.0,0.0,0.0,3,1329.0,2.0,40260,214300,1,0,1,0.0,0.0,1.0,4.7,0,1.0,7320.000000000001,3,1.5
92512,4375.0,0.0,2.0,1.0,1.0,1.0,1.0,5.0,0.0,0.0,3.0,0,0.0,3.0,1.0,2.0,2.0,7.0,0.0,0.0,0.0,3,1132.0,2.0,18590,87190,58000,0,1,0.0,0.0,0.0,5.8,1,1.0,4375.000000000001,3,1.5
12950,7276.0,0.0,2.0,1.0,1.0,3.0,1.0,5.0,0.0,0.0,3.0,0,0.0,3.0,1.0,2.0,2.0,7.0,0.0,0.0,0.0,3,1080.0,2.0,30920,98060,122000,0,1,0.0,0.0,0.0,5.5,1,1.0,7276.000000000001,3,1.0
69691,6600.0,0.0,2.0,1.0,1.0,3.0,1.0,5.0,1.0,0.0,3.0,0,2.0,3.0,1.0,2.0,2.0,7.0,0.0,0.0,0.0,3,1166.0,2.0,29700,172240,165000,0,1,0.0,0.0,0.0,5.3,1,1.0,6600.000000000001,3,1.0
93675,3720.0,0.0,2.0,1.0,1.0,3.0,2.0,5.0,0.0,0.0,1.0,3,0.0,3.0,1.0,2.0,2.0,7.0,0.0,0.0,0.0,1,1100.0,2.0,33480,126270,220000,0,1,0.0,0.0,0.0,9.7,1,1.0,3720.0,2,2.0
123727,6200.0,0.0,1.0,1.0,2.0,3.0,1.0,2.0,0.0,0.0,2.0,3,0.0,2.0,1.0,1.0,2.0,7.0,0.0,0.0,0.0,3,1326.0,2.0,20150,54070,27399,0,1,0.0,0.0,0.0,5.6,1,1.0,6200.0,3,1.0
75982,6250.0,0.0,1.0,1.0,1.0,3.0,1.0,5.0,1.0,1.0,1.0,1,2.0,4.0,1.0,2.0,2.0,7.0,0.0,0.0,0.0,1,1969.0,2.0,14060,95750,104000,0,1,0.0,0.0,0.0,7.5,1,1.0,6250.000000000001,4,2.0
166884,13929.0,0.0,3.0,1.0,1.0,3.0,1.0,5.0,1.0,1.0,3.0,0,1.0,3.0,2.0,1.0,2.0,7.0,0.0,0.0,0.0,3,2476.0,2.0,48750,184330,1,0,1,0.0,0.0,0.0,1.3,0,1.0,13929.000000000004,4,2.5
988,8331.0,0.0,2.0,1.0,1.0,3.0,1.0,5.0,1.0,1.0,3.0,0,0.0,4.0,2.0,1.0,2.0,7.0,0.0,0.0,0.0,3,1415.0,1.0,33320,102450,89000,0,1,0.0,0.0,0.0,3.9,1,1.0,8331.000000000002,3,1.5
193154,8749.0,0.0,3.0,1.0,1.0,3.0,1.0,5.0,1.0,0.0,3.0,0,0.0,3.0,2.0,1.0,1.0,7.0,0.0,0.0,0.0,3,2530.0,2.0,43740,325860,360000,0,1,0.0,0.0,0.0,3.2,1,1.0,8748.999999999998,4,2.5
38385,2400.0,0.0,2.0,2.0,1.0,3.0,1.0,5.0,1.0,1.0,3.0,0,1.0,3.0,2.0,1.0,2.0,7.0,0.0,0.0,0.0,3,2563.0,2.0,84000,656640,910000,0,1,0.0,0.0,0.0,1.3,1,1.0,2400.0,3,2.5
173076,6160.0,0.0,4.0,1.0,1.0,3.0,1.0,5.0,0.0,1.0,1.0,1,2.0,3.0,1.0,2.0,2.0,7.0,0.0,0.0,0.0,1,2219.0,2.0,30800,378520,785000,0,1,0.0,0.0,0.0,10.6,1,1.0,6159.999999999999,3,1.5
86615,8750.0,0.0,2.0,1.0,1.0,3.0,1.0,5.0,0.0,0.0,3.0,0,0.0,3.0,1.0,2.0,2.0,7.0,0.0,0.0,0.0,3,1141.0,2.0,39370,233060,230000,0,1,0.0,0.0,0.0,4.2,1,1.0,8749.999999999996,3,1.5
96451,7118.0,0.0,1.0,1.0,3.0,1.0,1.0,5.0,0.0,0.0,3.0,0,0.0,3.0,1.0,1.0,2.0,7.0,0.0,0.0,0.0,3,1419.0,2.0,26690,165590,269000,0,1,0.0,0.0,0.0,5.4,1,1.0,7118.000000000001,4,2.5
155172,8470.0,0.0,3.0,1.0,3.0,3.0,1.0,5.0,0.0,1.0,3.0,0,0.0,3.0,2.0,1.0,2.0,7.0,0.0,0.0,0.0,3,1553.0,2.0,160930,414190,600000,0,1,0.0,0.0,0.0,5.7,1,1.0,8470.000000000002,4,2.0
187342,4250.0,0.0,2.0,1.0,1.0,1.0,1.0,5.0,0.0,0.0,2.0,3,0.0,3.0,2.0,2.0,2.0,7.0,0.0,0.0,0.0,3,1162.0,2.0,31870,135420,250000,0,1,0.0,0.0,0.0,6.2,1,1.0,4249.999999999999,3,1.0
91520,5859.0,0.0,1.0,1.0,1.0,3.0,1.0,5.0,0.0,0.0,1.0,3,1.0,1.0,1.0,2.0,2.0,7.0,0.0,0.0,0.0,1,1269.0,2.0,70300,233110,325000,0,1,0.0,0.0,0.0,10.5,1,1.0,5859.0,2,1.0
195100,31100.0,0.0,2.0,1.0,2.0,3.0,2.0,5.0,1.0,1.0,1.0,3,0.0,3.0,2.0,1.0,2.0,7.0,0.0,0.0,0.0,2,2730.0,2.0,77750,214740,189500,0,1,0.0,0.0,0.0,5.8,1,1.0,31100.000000000004,5,2.0
151712,7724.0,0.0,3.0,1.0,3.0,1.0,1.0,5.0,1.0,0.0,2.0,3,0.0,2.0,3.0,1.0,2.0,7.0,0.0,0.0,0.0,1,2581.0,2.0,55990,352560,516000,0,1,0.0,0.0,0.0,6.3,1,1.0,7723.999999999999,5,3.0
131946,10580.0,0.0,2.0,1.0,1.0,1.0,1.0,2.0,0.0,1.0,3.0,0,0.0,3.0,2.0,2.0,2.0,7.0,0.0,0.0,0.0,3,1120.0,2.0,34380,70280,95000,0,1,0.0,0.0,0.0,5.4,1,1.0,10580.0,3,1.0
41294,7864.0,0.0,2.0,1.0,3.0,1.0,1.0,5.0,1.0,0.0,2.0,3,2.0,0.0,0.0,0.0,0.0,7.0,0.0,0.0,0.0,3,1414.0,2.0,49150,212640,422500,0,1,0.0,0.0,0.0,6.1,1,0.0,7863.999999999999,4,2.5
2815,4075.0,0.0,2.0,1.0,1.0,1.0,1.0,5.0,1.0,0.0,2.0,1,2.0,0.0,0.0,0.0,0.0,7.0,0.0,0.0,0.0,3,1394.0,2.0,34630,162390,165000,0,1,0.0,0.0,0.0,6.5,1,0.0,4075.000000000001,2,2.5
103909,4781.0,0.0,1.0,1.0,2.0,3.0,1.0,5.0,0.0,0.0,3.0,0,0.0,1.0,1.0,2.0,2.0,7.0,0.0,0.0,0.0,3,2844.0,2.0,35850,136170,1,0,1,0.0,0.0,1.0,12.7,0,1.0,4781.000000000001,5,3.0
102627,3000.0,0.0,2.0,1.0,1.0,1.0,1.0,5.0,1.0,1.0,3.0,0,2.0,3.0,2.0,2.0,2.0,7.0,0.0,0.0,0.0,3,3609.0,2.0,270000,1701280,1740000,0,1,0.0,0.0,0.0,1.3,1,1.0,2999.9999999999995,4,4.5
126959,8062.0,0.0,4.0,1.0,1.0,3.0,1.0,5.0,1.0,1.0,3.0,0,1.0,3.0,2.0,1.0,2.0,7.0,0.0,0.0,0.0,3,3022.0,2.0,76580,608030,695000,0,1,0.0,0.0,0.0,1.5,1,1.0,8062.000000000001,4,2.5
21255,6543.0,0.0,1.0,1.0,3.0,3.0,1.0,5.0,0.0,0.0,2.0,3,0.0,1.0,1.0,1.0,2.0,7.0,0.0,0.0,0.0,3,1049.0,2.0,21260,31210,8000,0,1,0.0,0.0,0.0,8.8,0,1.0,6543.0,2,1.0
60732,8576.0,0.0,1.0,1.0,2.0,3.0,1.0,5.0,0.0,0.0,3.0,0,0.0,3.0,1.0,1.0,2.0,7.0,0.0,0.0,0.0,3,1196.0,2.0,36440,174730,270000,0,1,0.0,0.0,0.0,5.1,1,1.0,8576.0,3,2.0
175328,4216.0,0.0,1.0,1.0,1.0,3.0,2.0,5.0,0.0,0.0,1.0,1,2.0,2.0,1.0,2.0,2.0,7.0,0.0,0.0,0.0,1,1673.0,2.0,46370,185540,270000,0,1,0.0,0.0,0.0,9.9,1,1.0,4215.999999999999,2,1.5
88787,9353.0,0.0,3.0,1.0,1.0,3.0,1.0,5.0,1.0,0.0,1.0,3,2.0,1.0,1.0,1.0,2.0,7.0,0.0,0.0,0.0,3,1412.0,2.0,46760,232980,299900,0,1,0.0,0.0,0.0,4.8,1,1.0,9353.000000000002,3,2.5
27469,54724.0,0.0,1.0,1.0,1.0,3.0,1.0,5.0,1.0,1.0,3.0,0,2.0,5.0,3.0,1.0,2.0,7.0,0.0,0.0,0.0,3,3436.0,2.0,82080,496170,590000,0,1,0.0,0.0,0.0,2.6,1,1.0,54724.000000000015,4,2.5
23952,12250.0,0.0,2.0,1.0,3.0,3.0,1.0,5.0,1.0,1.0,3.0,0,0.0,3.0,2.0,1.0,2.0,7.0,0.0,0.0,0.0,3,2403.0,2.0,55120,253100,277000,0,1,0.0,0.0,0.0,3.1,1,1.0,12250.000000000002,4,3.0
192897,3720.0,0.0,2.0,1.0,1.0,3.0,1.0,5.0,0.0,0.0,3.0,0,2.0,0.0,0.0,0.0,0.0,7.0,0.0,0.0,0.0,3,828.0,2.0,31620,95200,100000,0,1,0.0,0.0,0.0,10.1,1,0.0,3720.0,2,1.0
140901,6850.0,0.0,1.0,1.0,2.0,3.0,1.0,5.0,0.0,0.0,3.0,0,0.0,1.0,1.0,2.0,2.0,7.0,0.0,0.0,0.0,3,1586.0,2.0,34250,82390,155000,0,1,0.0,0.0,0.0,10.0,1,1.0,6850.000000000001,3,1.0
180000,4080.0,0.0,2.0,1.0,4.0,3.0,1.0,5.0,0.0,0.0,3.0,0,0.0,1.0,1.0,2.0,2.0,7.0,0.0,0.0,0.0,3,1032.0,2.0,30600,102570,1,0,1,0.0,0.0,1.0,5.7,0,1.0,4080.0,3,1.0
143096,4375.0,0.0,2.0,1.0,1.0,3.0,1.0,5.0,1.0,0.0,3.0,0,2.0,3.0,1.0,2.0,2.0,7.0,0.0,0.0,0.0,3,1421.0,2.0,21870,117110,165000,0,1,0.0,0.0,0.0,7.0,1,1.0,4375.000000000001,4,2.0
171367,3150.0,0.0,3.0,1.0,1.0,3.0,2.0,5.0,0.0,0.0,1.0,3,0.0,3.0,1.0,2.0,2.0,7.0,0.0,0.0,0.0,1,630.0,2.0,63000,152050,302000,0,1,0.0,0.0,0.0,10.1,1,1.0,3149.9999999999995,2,1.0
164383,4960.0,0.0,2.0,1.0,1.0,1.0,2.0,5.0,0.0,0.0,1.0,3,0.0,2.0,1.0,2.0,2.0,7.0,0.0,0.0,0.0,1,1410.0,2.0,49600,275040,1,0,1,0.0,0.0,0.0,9.0,0,1.0,4960.0,3,1.5
16125,6200.0,0.0,2.0,1.0,1.0,3.0,1.0,5.0,1.0,0.0,2.0,3,0.0,3.0,1.0,2.0,2.0,7.0,0.0,0.0,0.0,3,1384.0,2.0,60450,207600,240500,0,1,0.0,0.0,0.0,5.5,1,1.0,6200.0,3,1.0
185068,8125.0,0.0,3.0,1.0,3.0,3.0,1.0,5.0,1.0,1.0,3.0,0,0.0,3.0,3.0,1.0,2.0,7.0,0.0,0.0,0.0,3,1992.0,2.0,44680,189040,246000,0,1,0.0,0.0,0.0,2.1,1,1.0,8124.999999999997,3,2.0
14631,7500.0,0.0,1.0,1.0,2.0,3.0,2.0,5.0,0.0,1.0,3.0,0,0.0,1.0,1.0,1.0,2.0,7.0,0.0,0.0,0.0,3,1160.0,2.0,20620,47790,17000,0,1,0.0,0.0,0.0,5.8,1,1.0,7500.0,3,2.0
155280,5040.0,0.0,1.0,1.0,4.0,3.0,1.0,5.0,0.0,0.0,2.0,3,0.0,3.0,1.0,2.0,2.0,7.0,0.0,0.0,0.0,3,1008.0,2.0,12600,70200,160000,0,1,0.0,1.0,0.0,6.1,1,1.0,5040.000000000001,3,1.0
193794,13932.0,0.0,2.0,3.0,1.0,3.0,2.0,5.0,1.0,2.0,1.0,3,2.0,3.0,2.0,1.0,1.0,7.0,0.0,0.0,0.0,3,3949.0,2.0,278640,1608860,1825000,0,1,0.0,0.0,1.0,8.9,1,1.0,13931.999999999998,5,4.5
79015,4413.0,0.0,2.0,1.0,1.0,1.0,1.0,5.0,0.0,0.0,1.0,1,0.0,0.0,0.0,0.0,0.0,7.0,0.0,0.0,0.0,3,1098.0,2.0,22060,70580,1,0,1,0.0,0.0,0.0,7.3,0,0.0,4413.000000000001,3,1.5
195855,9366.0,0.0,1.0,1.0,2.0,3.0,1.0,2.0,0.0,0.0,2.0,3,0.0,1.0,1.0,2.0,2.0,7.0,0.0,0.0,0.0,3,1319.0,2.0,32780,43400,28000,0,1,0.0,0.0,0.0,6.3,1,1.0,9366.0,3,1.0
103688,10560.0,0.0,2.0,1.0,3.0,3.0,1.0,5.0,0.0,1.0,3.0,0,0.0,3.0,2.0,1.0,2.0,7.0,0.0,0.0,0.0,3,1568.0,2.0,39600,181180,203500,0,1,0.0,0.0,0.0,4.4,1,1.0,10560.0,4,2.0
84697,4432.0,0.0,1.0,1.0,2.0,3.0,1.0,5.0,0.0,0.0,3.0,0,0.0,1.0,1.0,2.0,2.0,7.0,0.0,0.0,0.0,3,1204.0,2.0,28800,71790,165000,0,1,0.0,0.0,0.0,6.7,1,1.0,4432.0,3,1.0
63401,7512.0,0.0,3.0,1.0,1.0,1.0,2.0,5.0,1.0,0.0,2.0,1,2.0,3.0,2.0,2.0,2.0,7.0,0.0,0.0,0.0,1,2172.0,2.0,67600,291350,395000,0,1,0.0,0.0,0.0,9.3,1,1.0,7512.0,5,2.5
43245,5000.0,0.0,3.0,1.0,1.0,1.0,1.0,5.0,0.0,0.0,1.0,1,0.0,3.0,1.0,2.0,2.0,7.0,0.0,0.0,0.0,3,1179.0,2.0,26250,165290,415000,0,1,0.0,0.0,0.0,7.0,1,1.0,5000.0,3,1.0
166848,14254.0,0.0,3.0,1.0,3.0,3.0,1.0,5.0,1.0,1.0,3.0,0,0.0,3.0,2.0,1.0,2.0,7.0,0.0,0.0,0.0,3,2369.0,2.0,57010,330850,370000,0,1,0.0,0.0,0.0,2.7,1,1.0,14254.0,4,2.5
2767,10583.0,0.0,1.0,1.0,3.0,1.0,1.0,5.0,0.0,1.0,2.0,3,2.0,3.0,1.0,1.0,2.0,7.0,0.0,0.0,4.0,1,2155.0,2.0,37040,145130,101250,0,1,0.0,0.0,0.0,6.4,1,1.0,10582.999999999998,3,1.5
126735,3000.0,0.0,2.0,2.0,1.0,3.0,2.0,5.0,0.0,0.0,3.0,0,2.0,3.0,1.0,2.0,2.0,7.0,0.0,0.0,0.0,1,2784.0,2.0,162000,587980,1050000,0,1,0.0,0.0,0.0,11.7,1,1.0,2999.9999999999995,4,2.5
175686,6875.0,0.0,2.0,1.0,1.0,3.0,1.0,5.0,1.0,0.0,3.0,0,0.0,1.0,2.0,1.0,2.0,7.0,0.0,0.0,0.0,3,1373.0,2.0,51560,233540,230500,0,1,0.0,0.0,0.0,4.6,1,1.0,6875.000000000001,3,1.5
42121,3125.0,0.0,2.0,1.0,1.0,3.0,2.0,5.0,0.0,0.0,3.0,0,2.0,0.0,0.0,0.0,0.0,7.0,0.0,0.0,0.0,2,1040.0,2.0,17180,176650,282500,0,1,0.0,0.0,0.0,5.6,1,0.0,3125.0,3,2.0
95488,3750.0,0.0,2.0,1.0,1.0,3.0,2.0,5.0,0.0,1.0,1.0,3,0.0,3.0,1.0,2.0,2.0,7.0,0.0,0.0,0.0,3,1332.0,2.0,26250,107950,141500,0,1,0.0,0.0,0.0,8.9,1,1.0,3750.000000000001,3,1.0
113112,10270.0,0.0,3.0,1.0,1.0,3.0,1.0,5.0,1.0,1.0,3.0,0,0.0,3.0,1.0,2.0,2.0,7.0,0.0,0.0,0.0,3,3836.0,2.0,94990,527830,750000,0,1,0.0,0.0,0.0,3.0,1,1.0,10269.999999999998,4,2.5
121660,3000.0,0.0,3.0,1.0,1.0,3.0,1.0,5.0,0.0,0.0,3.0,0,2.0,0.0,0.0,0.0,0.0,7.0,0.0,0.0,0.0,1,630.0,2.0,36000,99560,127500,0,1,0.0,0.0,0.0,12.4,1,0.0,2999.9999999999995,2,1.0
39647,3883.0,0.0,2.0,1.0,4.0,3.0,1.0,5.0,0.0,0.0,3.0,0,0.0,3.0,1.0,2.0,2.0,7.0,0.0,0.0,0.0,3,984.0,2.0,34940,129790,164000,0,1,0.0,0.0,0.0,6.1,1,1.0,3883.000000000001,3,1.0
75337,3832.0,0.0,1.0,1.0,1.0,1.0,2.0,5.0,0.0,0.0,3.0,0,0.0,0.0,0.0,0.0,0.0,7.0,0.0,0.0,0.0,3,1744.0,2.0,114960,334300,635000,0,1,0.0,0.0,0.0,11.2,1,0.0,3832.0,4,2.0
146054,5000.0,0.0,2.0,1.0,1.0,3.0,1.0,5.0,1.0,0.0,3.0,0,0.0,1.0,2.0,1.0,2.0,7.0,0.0,0.0,0.0,3,1343.0,2.0,50000,213780,259500,0,1,1.0,0.0,0.0,5.2,1,1.0,5000.0,3,1.5
161972,4875.0,0.0,2.0,1.0,1.0,3.0,1.0,5.0,0.0,0.0,2.0,3,0.0,3.0,1.0,2.0,2.0,7.0,0.0,0.0,0.0,3,875.0,2.0,21930,85950,61500,0,1,0.0,0.0,0.0,5.9,1,1.0,4875.0,2,1.0
79631,7500.0,0.0,3.0,1.0,3.0,1.0,1.0,5.0,1.0,1.0,3.0,0,0.0,3.0,2.0,1.0,1.0,7.0,0.0,0.0,0.0,3,2181.0,2.0,22500,125790,1,0,1,0.0,0.0,0.0,4.8,0,1.0,7500.0,4,2.5
46005,6600.0,0.0,3.0,1.0,1.0,1.0,1.0,5.0,0.0,0.0,2.0,3,0.0,0.0,0.0,0.0,0.0,7.0,0.0,0.0,0.0,3,1278.0,2.0,36300,228140,331250,0,1,0.0,0.0,0.0,6.3,1,0.0,6600.000000000001,3,1.0
181123,50268.0,0.0,2.0,3.0,1.0,1.0,1.0,5.0,1.0,2.0,2.0,3,2.0,5.0,2.0,1.0,1.0,7.0,0.0,0.0,0.0,3,8158.0,2.0,301600,1917900,2505000,0,1,0.0,0.0,1.0,1.6,1,1.0,50268.00000000001,5,5.5
46740,4520.0,0.0,1.0,1.0,2.0,3.0,1.0,5.0,0.0,0.0,1.0,1,2.0,0.0,0.0,0.0,0.0,7.0,0.0,0.0,0.0,3,1201.0,2.0,11300,33290,50000,0,1,0.0,0.0,0.0,6.3,1,0.0,4519.999999999999,3,1.0
15850,3475.0,0.0,1.0,1.0,1.0,3.0,1.0,5.0,0.0,0.0,1.0,1,0.0,3.0,1.0,2.0,2.0,7.0,0.0,0.0,0.0,1,1859.0,2.0,27800,115750,1,0,1,0.0,0.0,0.0,12.7,0,1.0,3475.0000000000005,5,2.0
100076,6890.0,0.0,3.0,1.0,2.0,3.0,2.0,5.0,0.0,0.0,3.0,0,0.0,1.0,2.0,1.0,2.0,7.0,0.0,0.0,0.0,3,1010.0,2.0,37890,142100,215000,0,1,0.0,0.0,1.0,6.5,1,1.0,6890.000000000001,2,1.0
61463,6600.0,0.0,1.0,1.0,4.0,3.0,1.0,5.0,0.0,1.0,1.0,3,0.0,1.0,1.0,1.0,2.0,7.0,0.0,0.0,0.0,3,1082.0,2.0,18150,120190,120500,0,1,0.0,0.0,0.0,4.7,1,1.0,6600.000000000001,3,1.0
127228,5000.0,0.0,2.0,1.0,1.0,1.0,1.0,5.0,1.0,0.0,1.0,1,2.0,3.0,1.0,2.0,2.0,7.0,0.0,0.0,0.0,1,1372.0,2.0,40000,89870,238000,0,1,0.0,0.0,0.0,9.1,1,1.0,5000.0,3,2.5
136847,18400.0,0.0,2.0,1.0,1.0,3.0,2.0,5.0,0.0,2.0,1.0,3,2.0,3.0,2.0,2.0,2.0,7.0,0.0,0.0,0.0,3,3728.0,2.0,147200,618480,1872000,0,1,0.0,0.0,0.0,8.4,1,1.0,18400.0,5,4.0
132356,11130.0,0.0,1.0,1.0,4.0,3.0,1.0,5.0,1.0,1.0,1.0,3,2.0,3.0,1.0,1.0,2.0,7.0,0.0,0.0,0.0,1,1641.0,2.0,50080,253490,248500,0,1,0.0,0.0,0.0,4.7,1,1.0,11130.000000000002,4,2.0
176185,3750.0,0.0,2.0,1.0,1.0,3.0,2.0,5.0,0.0,0.0,1.0,3,0.0,3.0,1.0,2.0,2.0,7.0,0.0,0.0,0.0,1,1162.0,2.0,41250,185890,259900,0,1,0.0,0.0,0.0,8.9,1,1.0,3750.000000000001,3,1.0
17818,3780.0,0.0,2.0,1.0,1.0,3.0,1.0,2.0,0.0,0.0,3.0,0,0.0,3.0,1.0,2.0,2.0,7.0,0.0,0.0,0.0,3,1128.0,2.0,37800,195600,1,0,1,0.0,0.0,0.0,5.8,0,1.0,3780.0,3,1.5
56529,7011.0,0.0,3.0,1.0,1.0,3.0,1.0,5.0,1.0,1.0,1.0,3,0.0,3.0,3.0,1.0,2.0,7.0,0.0,0.0,0.0,3,1456.0,2.0,57840,244460,1,0,1,0.0,0.0,0.0,6.5,0,1.0,7010.999999999999,4,1.5
182757,4633.0,0.0,2.0,1.0,1.0,3.0,1.0,5.0,1.0,2.0,3.0,0,0.0,3.0,2.0,1.0,2.0,7.0,0.0,0.0,0.0,3,1560.0,2.0,39380,262180,247500,0,1,0.0,0.0,0.0,6.3,1,1.0,4633.0,3,1.5
6172,621.5706447187929,0.0,1.0,1.0,2.0,3.0,1.0,5.0,0.0,0.0,3.0,0,0.0,0.0,0.0,0.0,0.0,7.0,0.0,0.0,0.0,3,580.0,2.0,64060,240590,33813,1,1,0.0,0.0,0.0,12.1,1,0.0,621.570644718793,2,1.0
76149,3125.0,0.0,1.0,1.0,3.0,1.0,2.0,5.0,0.0,0.0,1.0,3,0.0,3.0,1.0,2.0,2.0,7.0,0.0,0.0,0.0,1,672.0,2.0,21870,48310,8020,0,1,0.0,0.0,0.0,12.4,0,1.0,3125.0,2,1.5
144760,7000.0,0.0,4.0,2.0,1.0,3.0,1.0,5.0,0.0,0.0,2.0,1,2.0,3.0,1.0,2.0,2.0,7.0,0.0,0.0,0.0,3,1564.0,2.0,126000,315390,517500,0,1,0.0,0.0,0.0,9.6,1,1.0,7000.000000000001,3,1.5
115437,3125.0,0.0,1.0,1.0,2.0,3.0,1.0,5.0,0.0,0.0,3.0,0,0.0,0.0,0.0,0.0,0.0,7.0,0.0,0.0,0.0,3,1040.0,2.0,26560,107240,149500,0,1,0.0,0.0,0.0,5.2,1,0.0,3125.0,2,1.0
143469,2550.0,0.0,2.0,1.0,1.0,1.0,1.0,5.0,1.0,0.0,3.0,0,2.0,3.0,1.0,2.0,2.0,7.0,0.0,0.0,0.0,3,1102.0,2.0,31870,151290,246250,0,1,0.0,0.0,0.0,0.9,1,1.0,2550.0,3,2.5
91096,2976.0,0.0,2.0,1.0,1.0,3.0,1.0,5.0,0.0,0.0,3.0,0,0.0,3.0,1.0,2.0,2.0,7.0,0.0,0.0,0.0,1,840.0,2.0,89280,101680,129000,0,1,0.0,0.0,0.0,12.4,1,1.0,2975.9999999999995,2,1.0
73218,6550.0,0.0,2.0,1.0,1.0,3.0,1.0,5.0,1.0,1.0,2.0,3,2.0,0.0,0.0,0.0,0.0,7.0,0.0,0.0,0.0,3,2442.0,2.0,57310,237970,654000,0,1,1.0,0.0,0.0,8.5,1,0.0,6550.000000000001,4,3.0
96991,19906.0,0.0,1.0,1.0,2.0,3.0,1.0,5.0,0.0,0.0,3.0,0,0.0,0.0,0.0,0.0,0.0,7.0,0.0,0.0,0.0,3,936.0,2.0,54740,23260,1,0,1,0.0,0.0,0.0,9.4,0,0.0,19906.0,2,1.0
36301,4000.0,0.0,2.0,1.0,1.0,3.0,1.0,5.0,0.0,0.0,1.0,3,0.0,3.0,1.0,2.0,2.0,7.0,0.0,0.0,0.0,3,1080.0,2.0,32000,100980,47500,0,1,0.0,0.0,0.0,9.3,1,1.0,4000.000000000001,2,1.0
86299,7700.0,0.0,2.0,1.0,1.0,3.0,1.0,5.0,1.0,1.0,3.0,0,2.0,3.0,1.0,2.0,2.0,7.0,0.0,0.0,0.0,3,3022.0,1.0,102020,910030,1050000,0,1,0.0,0.0,0.0,1.5,1,1.0,7699.999999999999,4,3.5
7524,9820.0,0.0,1.0,1.0,3.0,3.0,1.0,5.0,1.0,1.0,3.0,0,0.0,3.0,1.0,1.0,1.0,7.0,0.0,0.0,0.0,3,1580.0,2.0,49100,191730,1,0,1,0.0,0.0,1.0,2.8,0,1.0,9820.0,3,2.5
63377,4612.0,0.0,2.0,1.0,1.0,3.0,1.0,5.0,1.0,0.0,3.0,0,2.0,1.0,1.0,2.0,2.0,7.0,0.0,0.0,0.0,3,1077.0,2.0,25360,77460,38500,0,1,0.0,0.0,0.0,5.7,1,1.0,4612.000000000001,3,1.0
114252,9280.0,0.0,3.0,1.0,1.0,3.0,1.0,5.0,0.0,0.0,3.0,0,2.0,3.0,3.0,1.0,2.0,7.0,0.0,0.0,0.0,3,2805.0,2.0,51040,340530,330000,0,1,0.0,0.0,1.0,4.7,1,1.0,9280.0,5,2.5
49601,4410.0,0.0,2.0,1.0,4.0,3.0,1.0,5.0,1.0,0.0,2.0,3,0.0,2.0,1.0,2.0,2.0,7.0,0.0,0.0,0.0,3,994.0,2.0,35280,117030,40000,0,1,0.0,0.0,0.0,6.7,1,1.0,4410.0,3,1.0
133926,3125.0,0.0,1.0,1.0,1.0,1.0,1.0,5.0,1.0,1.0,3.0,0,2.0,3.0,1.0,2.0,2.0,7.0,0.0,0.0,0.0,3,1996.0,2.0,62500,0,805000,0,1,0.0,0.0,0.0,0.1,1,1.0,3125.0,3,3.5
195819,5292.0,0.0,1.0,1.0,1.0,3.0,1.0,2.0,0.0,0.0,1.0,1,0.0,3.0,1.0,2.0,2.0,7.0,0.0,0.0,0.0,1,728.0,2.0,34390,80770,135000,0,1,0.0,0.0,0.0,6.6,1,1.0,5292.0,4,1.0
52170,5645.0,0.0,2.0,1.0,1.0,3.0,2.0,5.0,0.0,1.0,2.0,3,0.0,3.0,2.0,2.0,2.0,7.0,0.0,0.0,0.0,3,1948.0,2.0,79030,544810,690000,0,1,0.0,0.0,0.0,9.1,1,1.0,5645.000000000001,4,1.5
199464,1041.6666666666667,0.0,1.0,1.0,2.0,3.0,2.0,5.0,0.0,0.0,3.0,0,2.0,0.0,0.0,0.0,0.0,7.0,0.0,0.0,0.0,3,640.0,2.0,78120,203170,116167,1,1,0.0,0.0,0.0,12.4,1,0.0,1041.666666666667,1,1.5
41123,21628.775510204083,0.0,1.0,1.0,2.0,3.0,1.0,5.0,0.0,0.0,3.0,0,0.0,1.0,1.0,2.0,2.0,7.0,0.0,0.0,0.0,3,480.0,2.0,141300,190580,75918,1,1,0.0,0.0,1.0,4.8,1,1.0,21628.775510204083,2,1.0
23293,10000.0,0.0,1.0,1.0,1.0,3.0,1.0,5.0,0.0,0.0,3.0,0,0.0,3.0,1.0,2.0,2.0,7.0,0.0,0.0,0.0,3,1008.0,2.0,82500,131040,1,0,1,0.0,0.0,0.0,6.2,0,1.0,10000.0,2,1.0
197015,5871.0,0.0,3.0,1.0,1.0,3.0,1.0,5.0,0.0,0.0,3.0,0,0.0,5.0,1.0,2.0,2.0,7.0,0.0,0.0,0.0,3,887.0,2.0,64580,168930,275000,0,1,0.0,0.0,0.0,6.8,1,1.0,5871.0,2,1.5
130510,6250.0,0.0,1.0,1.0,1.0,3.0,2.0,5.0,0.0,0.0,2.0,3,0.0,1.0,1.0,2.0,2.0,7.0,0.0,0.0,0.0,1,777.0,2.0,48430,138430,130000,0,1,0.0,0.0,0.0,9.6,1,1.0,6250.000000000001,2,1.5
43234,5508.0,0.0,3.0,1.0,2.0,3.0,1.0,5.0,0.0,0.0,3.0,0,0.0,0.0,0.0,0.0,0.0,7.0,0.0,0.0,0.0,3,1076.0,2.0,17900,39740,1000,0,1,0.0,0.0,0.0,5.4,0,0.0,5508.0,3,1.0
17120,3075.0,0.0,1.0,1.0,2.0,3.0,1.0,5.0,0.0,0.0,3.0,0,0.0,1.0,1.0,2.0,2.0,7.0,0.0,0.0,0.0,3,880.0,2.0,32280,79270,45000,0,1,0.0,0.0,0.0,10.7,1,1.0,3075.0,2,1.0
108083,5535.0,0.0,3.0,6.0,3.0,1.0,1.0,5.0,1.0,0.0,2.0,1,2.0,3.0,1.0,2.0,2.0,7.0,0.0,0.0,0.0,3,1221.0,2.0,38740,184710,260000,0,1,0.0,0.0,0.0,5.9,1,1.0,5535.0,3,1.5
144445,7503.0,0.0,1.0,1.0,1.0,3.0,1.0,5.0,1.0,0.0,3.0,0,0.0,3.0,1.0,1.0,1.0,7.0,0.0,0.0,0.0,3,1956.0,2.0,48760,191100,337500,0,1,0.0,0.0,0.0,2.3,1,1.0,7503.000000000001,3,2.5
95947,10226.0,0.0,3.0,1.0,3.0,3.0,1.0,5.0,1.0,1.0,3.0,0,0.0,3.0,2.0,1.0,2.0,7.0,0.0,0.0,0.0,3,2544.0,2.0,71580,406280,624900,0,1,0.0,0.0,0.0,5.1,1,1.0,10225.999999999998,4,2.5
1411,7200.0,0.0,2.0,1.0,3.0,3.0,1.0,5.0,0.0,1.0,3.0,0,0.0,3.0,1.0,2.0,2.0,7.0,0.0,0.0,0.0,3,1327.0,2.0,100800,320280,505729,0,1,0.0,0.0,0.0,6.6,1,1.0,7200.000000000001,3,1.5
159449,8800.0,0.0,2.0,1.0,1.0,3.0,1.0,5.0,1.0,0.0,1.0,3,0.0,3.0,2.0,1.0,2.0,7.0,0.0,0.0,0.0,3,1270.0,2.0,44000,189740,1,0,1,0.0,0.0,0.0,5.6,0,1.0,8800.000000000002,3,1.5
7497,5670.0,0.0,2.0,1.0,1.0,1.0,1.0,5.0,0.0,0.0,2.0,3,0.0,2.0,1.0,2.0,2.0,7.0,0.0,0.0,0.0,3,882.0,2.0,28350,76510,169900,0,1,0.0,0.0,0.0,6.7,1,1.0,5669.999999999999,2,1.0
103857,5001.0,0.0,4.0,1.0,1.0,3.0,1.0,5.0,1.0,0.0,2.0,3,2.0,3.0,1.0,2.0,2.0,7.0,0.0,0.0,0.0,1,2153.0,2.0,210040,360630,788000,0,1,0.0,0.0,0.0,11.7,1,1.0,5000.999999999999,5,2.0
4560,8690.0,0.0,1.0,1.0,1.0,3.0,1.0,5.0,0.0,1.0,3.0,0,0.0,3.0,1.0,1.0,2.0,7.0,0.0,0.0,0.0,3,992.0,2.0,23890,51950,11220,0,1,0.0,0.0,0.0,6.4,1,1.0,8690.0,3,1.0
16564,6030.0,0.0,2.0,1.0,1.0,3.0,1.0,5.0,0.0,0.0,3.0,0,0.0,3.0,1.0,2.0,2.0,7.0,0.0,0.0,0.0,3,1247.0,2.0,40700,255900,71009,0,1,0.0,0.0,0.0,6.0,1,1.0,6029.999999999999,3,1.5
134474,6650.0,0.0,2.0,1.0,3.0,3.0,1.0,5.0,0.0,0.0,3.0,0,0.0,1.0,1.0,2.0,2.0,7.0,0.0,0.0,0.0,3,1505.0,2.0,59850,307020,332000,0,1,1.0,0.0,0.0,7.2,1,1.0,6649.999999999999,3,2.0
33903,7100.0,0.0,1.0,1.0,1.0,3.0,1.0,5.0,1.0,0.0,2.0,3,2.0,3.0,1.0,2.0,2.0,7.0,0.0,0.0,0.0,3,1087.0,2.0,37270,201470,450000,0,1,0.0,0.0,0.0,9.6,1,1.0,7099.999999999999,3,1.5
34794,2280.0,0.0,2.0,1.0,1.0,1.0,1.0,5.0,0.0,0.0,3.0,0,2.0,1.0,1.0,2.0,2.0,7.0,0.0,0.0,0.0,3,1296.0,2.0,25080,215340,262500,0,1,0.0,0.0,0.0,6.8,1,1.0,2280.0000000000005,3,1.0
153367,12394.0,0.0,3.0,1.0,3.0,3.0,1.0,5.0,0.0,1.0,3.0,0,2.0,3.0,1.0,1.0,2.0,7.0,0.0,0.0,0.0,3,3402.0,2.0,142530,410960,1,0,1,0.0,0.0,0.0,5.2,0,1.0,12394.000000000004,6,3.0
35835,8300.0,0.0,2.0,1.0,1.0,3.0,2.0,5.0,0.0,1.0,1.0,1,2.0,1.0,2.0,1.0,2.0,7.0,0.0,0.0,0.0,3,2249.0,2.0,128650,513000,631500,0,1,0.0,0.0,0.0,8.6,1,1.0,8300.000000000004,3,1.5
83954,26850.0,0.0,1.0,1.0,4.0,3.0,1.0,5.0,0.0,0.0,1.0,1,0.0,3.0,1.0,2.0,2.0,7.0,0.0,0.0,0.0,3,1295.0,2.0,46980,47050,32500,0,1,0.0,0.0,0.0,8.3,1,1.0,26850.000000000004,3,1.5
54718,8153.0,0.0,1.0,1.0,3.0,3.0,1.0,5.0,1.0,1.0,3.0,0,1.0,3.0,1.0,1.0,1.0,7.0,0.0,0.0,0.0,3,1856.0,2.0,36680,188770,1,0,1,0.0,0.0,0.0,2.4,0,1.0,8153.0,3,2.5
157967,4687.0,0.0,1.0,1.0,1.0,3.0,1.0,5.0,0.0,0.0,2.0,1,0.0,0.0,0.0,0.0,0.0,7.0,0.0,0.0,0.0,1,840.0,2.0,42180,71970,185000,0,1,0.0,0.0,0.0,11.2,1,0.0,4687.0,2,1.0
25366,8505.0,0.0,3.0,1.0,3.0,3.0,1.0,5.0,1.0,1.0,3.0,0,0.0,3.0,1.0,1.0,2.0,7.0,0.0,0.0,0.0,3,2641.0,2.0,95680,343560,425000,0,1,0.0,0.0,0.0,2.5,1,1.0,8504.999999999998,4,2.5
196982,8550.0,0.0,2.0,1.0,3.0,1.0,2.0,5.0,1.0,1.0,3.0,0,2.0,4.0,1.0,2.0,2.0,7.0,0.0,0.0,0.0,1,2964.0,2.0,64120,421480,560000,0,1,0.0,0.0,0.0,9.2,1,1.0,8549.999999999998,5,2.0
90482,3780.0,0.0,1.0,1.0,3.0,3.0,1.0,5.0,1.0,0.0,2.0,1,2.0,3.0,1.0,2.0,2.0,7.0,0.0,0.0,0.0,3,1216.0,2.0,35910,164080,205000,0,1,0.0,0.0,0.0,9.1,1,1.0,3780.0,3,1.5
42767,5360.0,0.0,4.0,1.0,1.0,3.0,1.0,5.0,1.0,1.0,3.0,0,0.0,3.0,1.0,2.0,2.0,7.0,0.0,0.0,0.0,3,749.0,2.0,26800,75540,155900,0,1,0.0,0.0,1.0,8.8,1,1.0,5359.999999999999,2,1.0
126452,12961.0,0.0,2.0,1.0,3.0,3.0,1.0,5.0,1.0,1.0,2.0,1,1.0,5.0,2.0,1.0,2.0,7.0,0.0,0.0,0.0,3,3131.0,2.0,71280,338170,415000,0,1,0.0,0.0,0.0,1.6,1,1.0,12960.999999999998,4,2.5
198451,9900.0,0.0,3.0,1.0,3.0,1.0,1.0,5.0,1.0,1.0,2.0,1,0.0,3.0,2.0,1.0,2.0,7.0,0.0,0.0,0.0,3,2345.0,2.0,54450,387860,559900,0,1,0.0,0.0,0.0,5.0,1,1.0,9900.0,3,2.5
46425,6950.0,0.0,3.0,1.0,1.0,1.0,1.0,5.0,1.0,1.0,3.0,0,2.0,3.0,2.0,1.0,1.0,7.0,0.0,0.0,0.0,3,3698.0,2.0,38220,667740,740000,0,1,0.0,0.0,0.0,0.9,1,1.0,6949.999999999999,4,3.0
124603,7722.0,0.0,2.0,1.0,1.0,3.0,1.0,5.0,1.0,0.0,3.0,0,0.0,1.0,2.0,1.0,2.0,7.0,0.0,0.0,0.0,3,968.0,2.0,63700,150610,235000,0,1,0.0,0.0,0.0,7.1,1,1.0,7721.999999999999,3,1.0
103735,3750.0,0.0,2.0,1.0,1.0,1.0,1.0,5.0,0.0,0.0,2.0,3,0.0,3.0,1.0,2.0,2.0,7.0,0.0,0.0,0.0,3,890.0,2.0,33750,119070,145000,0,1,0.0,0.0,0.0,6.3,1,1.0,3750.000000000001,2,1.0
174375,7500.0,0.0,4.0,1.0,1.0,3.0,2.0,5.0,0.0,1.0,1.0,1,2.0,5.0,1.0,2.0,2.0,7.0,0.0,0.0,0.0,3,1914.0,2.0,22500,72100,120000,0,1,0.0,0.0,0.0,9.0,1,1.0,7500.0,4,1.5
96373,7860.0,0.0,1.0,1.0,2.0,3.0,1.0,5.0,1.0,0.0,3.0,0,0.0,3.0,1.0,1.0,2.0,7.0,0.0,0.0,0.0,3,1350.0,2.0,23580,97900,50000,0,1,0.0,0.0,1.0,3.0,1,1.0,7859.999999999999,3,2.0
23456,4125.0,0.0,2.0,1.0,1.0,3.0,1.0,5.0,0.0,0.0,1.0,3,0.0,3.0,1.0,2.0,2.0,7.0,0.0,0.0,0.0,3,1128.0,2.0,41250,69770,42500,0,1,0.0,0.0,0.0,6.6,1,1.0,4125.000000000001,3,1.0
142019,8850.0,0.0,2.0,5.0,1.0,3.0,2.0,5.0,0.0,1.0,2.0,3,2.0,3.0,2.0,2.0,2.0,7.0,0.0,0.0,0.0,3,2240.0,2.0,79650,403240,497500,0,1,0.0,0.0,0.0,9.2,1,1.0,8850.0,3,1.5
24629,3875.0,0.0,2.0,1.0,1.0,3.0,2.0,5.0,0.0,1.0,1.0,3,0.0,3.0,2.0,2.0,2.0,7.0,0.0,0.0,0.0,3,1334.0,2.0,38750,78840,77000,0,1,0.0,0.0,0.0,9.5,1,1.0,3875.0,3,1.0
87511,5500.0,0.0,2.0,1.0,1.0,3.0,1.0,5.0,1.0,0.0,1.0,3,0.0,1.0,1.0,2.0,2.0,7.0,0.0,0.0,0.0,3,1298.0,2.0,31620,229210,250000,0,1,0.0,0.0,0.0,6.0,1,1.0,5500.0,3,1.5
102925,7425.0,0.0,3.0,1.0,3.0,3.0,1.0,5.0,1.0,0.0,3.0,0,0.0,1.0,1.0,2.0,2.0,7.0,0.0,0.0,0.0,3,1400.0,2.0,57540,167040,1028695,0,1,0.0,0.0,0.0,6.3,1,1.0,7425.0,3,1.5
176377,6650.0,0.0,2.0,1.0,1.0,1.0,1.0,5.0,0.0,1.0,1.0,3,0.0,4.0,1.0,2.0,2.0,7.0,0.0,0.0,0.0,3,1056.0,2.0,41560,281380,350000,0,1,0.0,0.0,0.0,6.7,1,1.0,6649.999999999999,2,1.0
113623,4588.0,0.0,2.0,1.0,1.0,1.0,1.0,5.0,1.0,0.0,1.0,3,0.0,3.0,1.0,2.0,2.0,7.0,0.0,0.0,0.0,3,1118.0,2.0,55050,195790,212000,0,1,0.0,0.0,0.0,6.4,1,1.0,4588.0,3,1.0
3063,4758.0,0.0,2.0,1.0,1.0,3.0,2.0,5.0,0.0,0.0,1.0,1,0.0,0.0,0.0,0.0,0.0,7.0,0.0,0.0,0.0,3,1451.0,2.0,52330,198360,225000,0,1,0.0,0.0,0.0,8.8,1,0.0,4757.999999999999,4,1.0
8270,7316.0,0.0,2.0,1.0,1.0,3.0,1.0,5.0,0.0,0.0,3.0,0,0.0,3.0,3.0,2.0,2.0,7.0,0.0,0.0,0.0,3,1277.0,2.0,27430,79190,62900,0,1,0.0,0.0,0.0,5.6,1,1.0,7315.999999999999,3,1.0
117696,3780.0,0.0,2.0,1.0,1.0,3.0,2.0,5.0,0.0,0.0,2.0,3,0.0,1.0,1.0,2.0,2.0,7.0,0.0,0.0,0.0,1,1222.0,2.0,37800,171400,230000,0,1,0.0,0.0,0.0,8.8,1,1.0,3780.0,3,1.0
152772,33060.0,0.0,1.0,1.0,1.0,3.0,1.0,5.0,1.0,1.0,3.0,0,2.0,3.0,1.0,1.0,2.0,7.0,0.0,0.0,0.0,3,2666.0,2.0,355390,705000,720000,0,1,0.0,0.0,0.0,5.0,1,1.0,33060.0,4,2.0
67056,8905.0,0.0,3.0,1.0,1.0,3.0,1.0,5.0,1.0,0.0,3.0,0,1.0,3.0,3.0,1.0,1.0,7.0,0.0,0.0,0.0,3,3342.0,2.0,93500,704310,936278,0,1,0.0,0.0,0.0,1.9,1,1.0,8905.0,4,2.5
165778,6700.0,0.0,2.0,1.0,1.0,3.0,1.0,5.0,0.0,0.0,3.0,0,0.0,3.0,1.0,2.0,2.0,7.0,0.0,0.0,0.0,1,1157.0,2.0,25120,129400,1,0,1,0.0,0.0,0.0,5.6,0,1.0,6699.999999999999,3,1.0
106164,26061.0,0.0,3.0,1.0,1.0,3.0,2.0,5.0,1.0,1.0,1.0,1,2.0,3.0,3.0,1.0,2.0,7.0,0.0,0.0,0.0,3,3730.0,1.0,221510,539260,920000,0,1,0.0,0.0,0.0,8.9,1,1.0,26061.000000000004,5,3.0
40784,43560.0,0.0,2.0,1.0,4.0,3.0,1.0,5.0,1.0,1.0,2.0,3,0.0,3.0,2.0,1.0,2.0,7.0,0.0,0.0,0.0,3,2957.0,1.0,261360,538520,1255000,0,1,0.0,0.0,0.0,6.7,1,1.0,43560.0,5,3.5
80230,7440.0,0.0,2.0,1.0,1.0,3.0,1.0,5.0,1.0,0.0,3.0,0,0.0,3.0,2.0,1.0,2.0,7.0,0.0,0.0,0.0,3,1662.0,2.0,29760,127220,190000,0,1,0.0,0.0,0.0,4.4,1,1.0,7439.999999999999,3,2.0
81169,5500.0,0.0,1.0,1.0,1.0,1.0,1.0,5.0,1.0,1.0,3.0,0,0.0,3.0,1.0,1.0,2.0,7.0,0.0,0.0,0.0,3,1359.0,2.0,17870,302440,245000,0,1,0.0,0.0,0.0,4.1,1,1.0,5500.0,4,2.0
16590,7920.0,0.0,3.0,1.0,2.0,3.0,2.0,5.0,0.0,1.0,2.0,3,0.0,1.0,1.0,2.0,2.0,7.0,0.0,0.0,0.0,3,1677.0,2.0,37620,169350,175000,0,1,0.0,0.0,0.0,5.6,1,1.0,7920.0,4,1.5
191173,10660.0,0.0,3.0,1.0,2.0,3.0,1.0,5.0,0.0,0.0,3.0,0,0.0,3.0,2.0,2.0,2.0,7.0,0.0,0.0,0.0,3,1082.0,2.0,37310,120770,109500,0,1,0.0,0.0,0.0,5.6,1,1.0,10660.0,3,1.0
116973,3125.0,0.0,1.0,1.0,1.0,3.0,2.0,5.0,0.0,0.0,1.0,1,2.0,3.0,1.0,2.0,2.0,7.0,0.0,0.0,0.0,3,1334.0,2.0,37500,162710,87500,0,1,0.0,0.0,0.0,11.4,1,1.0,3125.0,3,2.0
160608,3720.0,0.0,2.0,1.0,1.0,3.0,1.0,5.0,0.0,0.0,1.0,3,0.0,3.0,1.0,2.0,2.0,7.0,0.0,0.0,0.0,3,965.0,2.0,27900,99690,1,0,1,0.0,0.0,0.0,6.7,0,1.0,3720.0,2,1.0
89478,7700.0,0.0,3.0,1.0,3.0,1.0,1.0,5.0,1.0,1.0,3.0,0,0.0,3.0,3.0,1.0,2.0,7.0,0.0,0.0,0.0,3,1956.0,2.0,26950,193060,249900,0,1,0.0,0.0,0.0,4.8,1,1.0,7699.999999999999,4,2.5
51509,6600.0,0.0,3.0,1.0,1.0,1.0,1.0,5.0,1.0,2.0,3.0,0,0.0,1.0,2.0,1.0,2.0,7.0,0.0,0.0,0.0,3,1710.0,2.0,57750,305150,1,0,1,1.0,0.0,0.0,7.8,0,1.0,6600.000000000001,3,1.5
31468,23600.0,0.0,2.0,1.0,1.0,3.0,2.0,5.0,0.0,1.0,1.0,1,0.0,4.0,1.0,2.0,2.0,7.0,0.0,0.0,0.0,1,2202.0,2.0,59000,100760,18064,0,1,0.0,0.0,1.0,6.1,1,1.0,23600.0,4,2.0
56750,22790.0,0.0,3.0,1.0,1.0,3.0,1.0,5.0,1.0,1.0,2.0,3,1.0,5.0,2.0,1.0,1.0,7.0,0.0,0.0,0.0,3,3356.0,2.0,125340,328830,392000,0,1,0.0,0.0,0.0,1.9,1,1.0,22790.000000000004,5,2.5
53851,3333.0,0.0,2.0,2.0,1.0,1.0,2.0,5.0,1.0,0.0,3.0,0,2.0,2.0,1.0,2.0,2.0,7.0,0.0,0.0,0.0,1,921.0,2.0,28330,63960,174000,0,1,0.0,0.0,0.0,10.1,1,1.0,3333.0,2,1.0
42162,5400.0,0.0,1.0,1.0,4.0,3.0,1.0,5.0,1.0,0.0,2.0,3,1.0,1.0,2.0,2.0,2.0,7.0,0.0,0.0,0.0,3,779.0,2.0,67500,179410,160000,0,1,0.0,0.0,0.0,9.0,1,1.0,5400.000000000001,2,1.0
100792,3000.0,0.0,3.0,1.0,4.0,3.0,2.0,5.0,0.0,0.0,3.0,0,0.0,3.0,1.0,2.0,2.0,7.0,0.0,0.0,0.0,3,659.0,2.0,36000,109790,379000,0,1,0.0,0.0,0.0,11.2,1,1.0,2999.9999999999995,3,2.0
70108,8677.0,0.0,2.0,1.0,4.0,3.0,1.0,5.0,0.0,0.0,3.0,0,2.0,3.0,1.0,2.0,2.0,7.0,0.0,0.0,0.0,3,2083.0,2.0,54230,114050,1,0,1,0.0,0.0,0.0,4.8,0,1.0,8677.0,4,2.5
92425,13005.0,0.0,2.0,1.0,1.0,3.0,1.0,5.0,1.0,1.0,1.0,3,2.0,5.0,2.0,1.0,2.0,7.0,0.0,0.0,0.0,3,2778.0,2.0,94280,416590,440000,0,1,0.0,1.0,0.0,2.2,1,1.0,13005.000000000002,4,2.0
196405,3660.0,0.0,1.0,1.0,2.0,3.0,1.0,5.0,0.0,0.0,3.0,0,0.0,0.0,0.0,0.0,0.0,7.0,0.0,0.0,0.0,3,820.0,2.0,16470,63690,1,0,1,0.0,0.0,0.0,6.5,0,0.0,3660.0,2,1.0
13542,6048.0,0.0,3.0,1.0,1.0,1.0,1.0,5.0,1.0,0.0,3.0,0,0.0,1.0,2.0,1.0,2.0,7.0,0.0,0.0,0.0,3,958.0,2.0,12090,49290,32000,0,1,0.0,1.0,0.0,4.5,1,1.0,6048.0,3,2.0
156765,4182.0,0.0,2.0,1.0,1.0,1.0,1.0,5.0,1.0,0.0,3.0,0,0.0,3.0,1.0,2.0,2.0,7.0,0.0,0.0,0.0,3,1214.0,2.0,54360,214500,299900,0,1,0.0,0.0,0.0,6.6,1,1.0,4182.0,3,1.0
152325,5332.0,0.0,1.0,1.0,1.0,3.0,2.0,5.0,0.0,0.0,1.0,3,2.0,3.0,1.0,2.0,2.0,7.0,0.0,0.0,0.0,1,2016.0,2.0,45320,347760,1,0,1,0.0,0.0,0.0,11.4,0,1.0,5332.0,3,1.0
109221,4500.0,0.0,3.0,1.0,1.0,3.0,1.0,5.0,0.0,0.0,3.0,0,0.0,3.0,1.0,2.0,2.0,7.0,0.0,0.0,0.0,3,841.0,2.0,21370,68840,58400,0,1,0.0,0.0,0.0,6.4,1,1.0,4499.999999999999,2,1.0
285,4960.0,0.0,2.0,1.0,1.0,3.0,1.0,5.0,1.0,0.0,3.0,0,0.0,3.0,1.0,2.0,2.0,7.0,0.0,0.0,0.0,3,1300.0,2.0,16120,80310,1,0,1,0.0,0.0,0.0,3.8,0,1.0,4960.0,3,1.5
162840,3250.0,0.0,4.0,1.0,1.0,1.0,1.0,5.0,1.0,0.0,3.0,0,2.0,3.0,4.0,2.0,2.0,7.0,0.0,0.0,0.0,3,2956.0,2.0,110500,886800,1125000,0,1,0.0,0.0,0.0,0.7,1,1.0,3250.0,4,3.5
81727,4687.0,0.0,1.0,1.0,1.0,1.0,1.0,5.0,0.0,0.0,1.0,1,0.0,4.0,1.0,2.0,2.0,7.0,0.0,0.0,0.0,1,1351.0,2.0,93740,238730,930000,0,1,0.0,0.0,0.0,11.4,1,1.0,4687.0,4,1.5
11250,3125.0,0.0,2.0,1.0,1.0,3.0,1.0,5.0,0.0,0.0,3.0,0,0.0,0.0,0.0,0.0,0.0,7.0,0.0,0.0,0.0,3,855.0,2.0,20310,69600,120000,0,1,0.0,0.0,0.0,6.0,1,0.0,3125.0,2,1.0
23333,6875.0,0.0,2.0,1.0,2.0,3.0,1.0,5.0,0.0,0.0,1.0,1,0.0,1.0,2.0,1.0,2.0,7.0,0.0,0.0,0.0,3,1509.0,2.0,30930,121660,150000,0,1,0.0,0.0,0.0,6.1,1,1.0,6875.000000000001,4,1.5
183486,924.8210023866347,0.0,1.0,1.0,1.0,3.0,1.0,2.0,0.0,0.0,3.0,0,0.0,0.0,0.0,0.0,0.0,7.0,0.0,0.0,0.0,1,500.0,2.0,51150,331310,65632,1,1,0.0,0.0,0.0,10.7,1,0.0,924.8210023866347,1,1.0
10899,3780.0,0.0,2.0,1.0,1.0,3.0,1.0,5.0,0.0,0.0,3.0,0,0.0,1.0,1.0,2.0,2.0,7.0,0.0,0.0,0.0,3,1145.0,2.0,34020,158030,1,0,1,0.0,0.0,0.0,5.7,0,1.0,3780.0,3,1.5
186707,6894.0,0.0,3.0,1.0,1.0,3.0,1.0,5.0,1.0,1.0,3.0,0,2.0,3.0,2.0,1.0,2.0,7.0,0.0,0.0,0.0,3,1893.0,2.0,34470,264250,270000,0,1,0.0,0.0,0.0,2.1,1,1.0,6894.000000000001,3,2.0
93690,15100.0,0.0,1.0,1.0,2.0,3.0,1.0,5.0,1.0,0.0,3.0,0,2.0,1.0,1.0,2.0,2.0,7.0,0.0,0.0,0.0,1,1048.0,2.0,37750,66200,35500,0,1,0.0,0.0,0.0,9.1,1,1.0,15100.0,2,1.0
26645,3780.0,0.0,2.0,1.0,1.0,1.0,2.0,5.0,0.0,0.0,1.0,3,0.0,3.0,1.0,2.0,2.0,7.0,0.0,0.0,0.0,3,1220.0,2.0,30240,120030,70000,0,1,0.0,0.0,0.0,9.1,1,1.0,3780.0,2,1.0
158976,3500.0,0.0,1.0,1.0,1.0,3.0,2.0,5.0,0.0,0.0,2.0,3,2.0,0.0,0.0,0.0,0.0,7.0,0.0,0.0,0.0,1,1487.0,2.0,29750,172850,208000,0,1,0.0,0.0,1.0,9.3,1,0.0,3500.0,3,2.0
50826,5610.0,0.0,3.0,1.0,3.0,1.0,1.0,5.0,1.0,0.0,2.0,3,0.0,0.0,0.0,0.0,0.0,7.0,0.0,0.0,0.0,3,719.0,2.0,33660,140370,147000,0,1,0.0,0.0,1.0,6.8,1,0.0,5610.000000000001,2,1.0
46742,3750.0,0.0,2.0,1.0,1.0,3.0,1.0,5.0,0.0,0.0,2.0,3,2.0,2.0,1.0,2.0,2.0,7.0,0.0,0.0,0.0,3,1062.0,2.0,48750,150030,1,0,1,0.0,0.0,0.0,9.3,0,1.0,3750.000000000001,3,1.0
62210,4687.0,0.0,1.0,1.0,2.0,3.0,1.0,5.0,0.0,0.0,3.0,0,0.0,1.0,1.0,2.0,2.0,7.0,0.0,0.0,0.0,3,576.0,2.0,42180,60900,1,0,1,0.0,0.0,0.0,10.7,0,1.0,4687.0,2,1.0
180314,16611.0,0.0,2.0,1.0,1.0,3.0,1.0,5.0,1.0,1.0,3.0,0,2.0,5.0,2.0,1.0,2.0,7.0,0.0,0.0,0.0,3,2732.0,2.0,83050,365870,415000,0,1,0.0,0.0,0.0,2.2,1,1.0,16611.0,4,2.5
61231,3810.0,0.0,1.0,1.0,2.0,3.0,1.0,5.0,0.0,0.0,3.0,0,0.0,0.0,0.0,0.0,0.0,7.0,0.0,0.0,0.0,3,892.0,2.0,36190,167840,170000,0,1,0.0,0.0,0.0,6.2,1,0.0,3810.0,2,1.0
137929,9000.0,0.0,1.0,1.0,4.0,3.0,1.0,5.0,1.0,2.0,3.0,0,2.0,3.0,1.0,1.0,2.0,7.0,0.0,0.0,0.0,3,1325.0,2.0,42750,223230,190500,0,1,0.0,0.0,0.0,4.1,1,1.0,8999.999999999996,3,2.0
158765,5796.0,0.0,2.0,1.0,1.0,3.0,1.0,5.0,0.0,0.0,1.0,3,0.0,0.0,0.0,0.0,0.0,7.0,0.0,0.0,0.0,3,1077.0,2.0,28980,96070,155000,0,1,0.0,0.0,0.0,5.7,1,0.0,5795.999999999999,2,1.0
38856,7963.0,0.0,3.0,1.0,4.0,3.0,1.0,5.0,1.0,0.0,3.0,0,0.0,4.0,1.0,2.0,2.0,7.0,0.0,0.0,0.0,3,1479.0,2.0,53750,174240,275000,0,1,0.0,0.0,0.0,6.4,1,1.0,7963.000000000001,4,1.5
88416,6336.0,0.0,2.0,1.0,1.0,3.0,1.0,5.0,0.0,0.0,3.0,0,0.0,3.0,1.0,2.0,2.0,7.0,0.0,0.0,0.0,3,1171.0,2.0,22170,68470,92500,0,1,0.0,0.0,0.0,6.1,1,1.0,6336.0,3,1.0
177157,4410.0,0.0,3.0,1.0,3.0,1.0,2.0,5.0,0.0,0.0,1.0,3,2.0,2.0,1.0,2.0,2.0,7.0,0.0,0.0,0.0,1,964.0,2.0,18740,78860,99000,0,1,0.0,0.0,0.0,9.0,1,1.0,4410.0,2,1.0
83694,5170.0,0.0,3.0,1.0,2.0,3.0,1.0,5.0,1.0,0.0,3.0,0,0.0,1.0,1.0,1.0,2.0,7.0,0.0,0.0,0.0,3,1512.0,2.0,36190,93440,16000,0,1,0.0,0.0,0.0,2.4,1,1.0,5170.0,3,1.5
69106,8659.0,0.0,3.0,1.0,1.0,3.0,1.0,5.0,0.0,1.0,3.0,0,0.0,1.0,1.0,2.0,2.0,7.0,0.0,0.0,0.0,3,1300.0,2.0,45450,221000,270000,0,1,0.0,0.0,0.0,4.7,1,1.0,8659.0,3,1.0
148151,15544.0,0.0,3.0,1.0,3.0,3.0,1.0,5.0,1.0,1.0,3.0,0,0.0,3.0,3.0,1.0,2.0,7.0,0.0,0.0,0.0,3,1726.0,2.0,58290,112110,199000,0,1,0.0,0.0,0.0,4.4,1,1.0,15544.000000000002,3,2.5
106418,9970.0,0.0,1.0,1.0,1.0,3.0,2.0,5.0,0.0,0.0,2.0,3,0.0,0.0,0.0,0.0,0.0,7.0,0.0,0.0,0.0,3,2650.0,2.0,64800,8960,1,0,1,0.0,0.0,0.0,15.0,0,0.0,9969.999999999998,4,2.0
21837,5250.0,0.0,1.0,1.0,1.0,3.0,1.0,5.0,0.0,0.0,3.0,0,2.0,3.0,1.0,2.0,2.0,7.0,0.0,0.0,0.0,3,1880.0,2.0,30180,156670,1,0,1,0.0,0.0,1.0,9.7,0,1.0,5250.000000000001,4,2.0
174354,7500.0,0.0,3.0,1.0,2.0,3.0,1.0,5.0,0.0,0.0,3.0,0,0.0,1.0,1.0,2.0,2.0,7.0,0.0,0.0,0.0,3,1604.0,2.0,22500,62500,1,0,1,0.0,0.0,0.0,6.5,0,1.0,7500.0,3,2.0
134310,18984.0,0.0,1.0,1.0,2.0,3.0,1.0,2.0,0.0,0.0,3.0,0,0.0,4.0,1.0,1.0,2.0,7.0,0.0,0.0,0.0,3,1448.0,2.0,33220,63510,84000,0,1,0.0,0.0,0.0,5.6,1,1.0,18984.0,3,1.0
95391,5000.0,0.0,3.0,1.0,1.0,3.0,1.0,5.0,1.0,0.0,1.0,3,2.0,2.0,1.0,2.0,2.0,7.0,0.0,0.0,0.0,3,936.0,2.0,30000,91770,1,0,1,0.0,0.0,0.0,6.1,0,1.0,5000.0,2,1.0
198467,3125.0,0.0,2.0,1.0,1.0,3.0,1.0,5.0,0.0,0.0,3.0,0,2.0,3.0,1.0,2.0,2.0,7.0,0.0,0.0,0.0,3,1040.0,2.0,21870,114780,192000,0,1,0.0,0.0,1.0,5.5,1,1.0,3125.0,2,1.0
204647,3844.0,0.0,2.0,1.0,1.0,1.0,1.0,5.0,0.0,0.0,3.0,0,0.0,1.0,1.0,2.0,2.0,7.0,0.0,0.0,0.0,3,1144.0,2.0,32670,187950,165000,0,1,0.0,0.0,0.0,6.4,1,1.0,3844.0,4,1.0
187546,3720.0,0.0,2.0,1.0,1.0,3.0,1.0,5.0,0.0,0.0,3.0,0,0.0,3.0,1.0,2.0,2.0,7.0,0.0,0.0,0.0,3,1104.0,2.0,24180,108950,1,0,1,0.0,0.0,0.0,5.1,0,1.0,3720.0,3,1.0
157021,5244.0,0.0,1.0,1.0,1.0,3.0,2.0,5.0,0.0,1.0,2.0,3,2.0,0.0,0.0,0.0,0.0,7.0,0.0,0.0,0.0,3,1932.0,2.0,22280,138450,1,0,1,0.0,0.0,1.0,9.2,0,0.0,5244.0,3,2.5
145596,6037.0,0.0,2.0,1.0,1.0,1.0,2.0,2.0,0.0,1.0,1.0,1,0.0,3.0,1.0,2.0,2.0,7.0,0.0,0.0,0.0,1,1290.0,2.0,48290,91070,1,0,1,0.0,0.0,0.0,9.4,0,1.0,6036.999999999999,3,1.5
31140,8783.0,0.0,1.0,1.0,3.0,3.0,1.0,5.0,0.0,0.0,1.0,1,2.0,0.0,0.0,0.0,0.0,7.0,0.0,0.0,0.0,3,1236.0,2.0,26340,33120,130000,0,1,0.0,0.0,0.0,14.6,1,0.0,8783.000000000002,5,1.5
30879,10010.0,0.0,1.0,1.0,3.0,3.0,1.0,5.0,1.0,1.0,3.0,0,2.0,3.0,1.0,1.0,2.0,7.0,0.0,0.0,0.0,3,2070.0,2.0,45040,311320,425000,0,1,0.0,0.0,0.0,2.9,1,1.0,10010.0,3,1.5
149898,5292.0,0.0,2.0,1.0,1.0,3.0,1.0,5.0,1.0,0.0,2.0,3,0.0,3.0,1.0,2.0,2.0,7.0,0.0,0.0,0.0,3,735.0,2.0,18520,37690,59657,0,1,0.0,0.0,0.0,7.5,1,1.0,5292.0,2,1.0
146201,3445.0,0.0,1.0,1.0,1.0,3.0,1.0,5.0,0.0,0.0,1.0,1,0.0,3.0,1.0,2.0,2.0,7.0,0.0,0.0,0.0,1,1497.0,2.0,32720,192940,343000,0,1,0.0,0.0,0.0,9.3,1,1.0,3445.0000000000005,3,1.0
95163,3125.0,0.0,1.0,1.0,2.0,3.0,1.0,5.0,0.0,0.0,3.0,0,0.0,1.0,1.0,2.0,2.0,7.0,0.0,0.0,0.0,3,1030.0,2.0,65620,158170,1,0,1,0.0,0.0,0.0,13.0,0,1.0,3125.0,2,1.0
91519,8385.0,0.0,1.0,1.0,3.0,3.0,1.0,5.0,1.0,1.0,1.0,1,0.0,3.0,1.0,1.0,2.0,7.0,0.0,0.0,0.0,3,1603.0,2.0,23050,154660,95000,0,1,0.0,0.0,0.0,5.9,1,1.0,8385.000000000002,2,1.0
157270,3000.0,0.0,1.0,1.0,1.0,1.0,1.0,5.0,1.0,2.0,3.0,0,2.0,3.0,1.0,2.0,2.0,7.0,0.0,0.0,0.0,3,2622.0,2.0,96000,844810,1280000,0,1,0.0,0.0,0.0,0.4,1,1.0,2999.9999999999995,3,3.5
11936,8750.0,0.0,2.0,1.0,1.0,3.0,2.0,5.0,0.0,0.0,1.0,1,0.0,3.0,1.0,2.0,2.0,7.0,0.0,0.0,0.0,1,2009.0,2.0,56870,209990,1,0,1,0.0,0.0,0.0,9.0,0,1.0,8749.999999999996,5,2.5
33362,8400.0,0.0,1.0,1.0,1.0,3.0,1.0,5.0,1.0,1.0,3.0,0,2.0,3.0,1.0,1.0,2.0,7.0,0.0,0.0,0.0,3,1276.0,2.0,25200,95300,144900,0,1,0.0,0.0,0.0,2.7,1,1.0,8399.999999999998,2,1.5
94995,9490.0,0.0,3.0,1.0,4.0,3.0,1.0,5.0,0.0,0.0,3.0,0,0.0,3.0,1.0,2.0,2.0,7.0,0.0,0.0,0.0,3,1266.0,2.0,14230,60270,6000,0,1,0.0,0.0,0.0,5.8,0,1.0,9490.000000000002,3,1.0
194062,8732.0,0.0,3.0,1.0,1.0,1.0,2.0,5.0,1.0,0.0,3.0,0,0.0,4.0,1.0,2.0,2.0,7.0,0.0,0.0,0.0,3,1196.0,2.0,43660,232890,1,0,1,0.0,0.0,0.0,6.2,0,1.0,8731.999999999998,3,1.0
128101,4040.0,0.0,2.0,1.0,1.0,3.0,1.0,5.0,0.0,0.0,2.0,1,0.0,2.0,1.0,2.0,2.0,7.0,0.0,0.0,0.0,3,1044.0,2.0,36360,133170,1,0,1,0.0,0.0,0.0,5.8,0,1.0,4040.000000000001,5,2.0
113300,13298.0,0.0,2.0,1.0,1.0,3.0,2.0,5.0,0.0,1.0,3.0,0,0.0,3.0,2.0,1.0,1.0,7.0,0.0,0.0,0.0,3,2992.0,2.0,46540,249720,155000,0,1,0.0,0.0,0.0,8.5,1,1.0,13298.000000000002,5,3.0
101160,758.2417582417582,0.0,1.0,1.0,2.0,3.0,1.0,5.0,0.0,0.0,3.0,0,0.0,0.0,0.0,0.0,0.0,7.0,0.0,0.0,0.0,3,460.0,2.0,28500,93000,26033,1,1,0.0,0.0,0.0,13.0,1,0.0,758.2417582417582,2,1.0
138880,3720.0,0.0,2.0,1.0,1.0,3.0,1.0,5.0,0.0,0.0,2.0,3,0.0,3.0,1.0,2.0,2.0,7.0,0.0,0.0,0.0,3,1250.0,2.0,24180,104430,1,0,1,0.0,0.0,0.0,8.8,0,1.0,3720.0,3,1.0
125962,7500.0,0.0,2.0,5.0,1.0,3.0,2.0,5.0,1.0,1.0,1.0,1,2.0,3.0,1.0,2.0,2.0,7.0,0.0,0.0,0.0,2,3165.0,2.0,142500,964240,800000,0,1,0.0,0.0,0.0,8.8,1,1.0,7500.0,5,3.5
79892,3720.0,0.0,1.0,1.0,2.0,3.0,1.0,5.0,0.0,0.0,3.0,0,0.0,3.0,1.0,2.0,2.0,7.0,0.0,0.0,0.0,3,820.0,2.0,40920,144230,242000,0,1,0.0,0.0,0.0,9.6,1,1.0,3720.0,2,1.0
107469,7504.0,0.0,3.0,1.0,1.0,1.0,1.0,5.0,1.0,0.0,1.0,3,0.0,4.0,1.0,1.0,2.0,7.0,0.0,0.0,0.0,3,1400.0,2.0,37520,218100,260000,0,1,0.0,0.0,0.0,4.8,1,1.0,7503.999999999999,3,1.5
167205,8712.0,0.0,2.0,1.0,3.0,1.0,1.0,5.0,1.0,0.0,1.0,1,2.0,3.0,1.0,2.0,2.0,7.0,0.0,0.0,0.0,3,1407.0,2.0,43560,222590,339000,0,1,0.0,0.0,0.0,6.0,1,1.0,8712.0,2,1.5
114609,8250.0,0.0,3.0,1.0,3.0,1.0,1.0,5.0,1.0,0.0,3.0,0,0.0,3.0,3.0,1.0,2.0,7.0,0.0,0.0,0.0,3,1757.0,2.0,33000,159570,1,0,1,0.0,0.0,0.0,4.3,0,1.0,8249.999999999998,4,2.0
89094,4775.0,0.0,1.0,1.0,1.0,1.0,1.0,5.0,1.0,1.0,3.0,0,1.0,3.0,3.0,1.0,1.0,7.0,0.0,0.0,0.0,3,2637.0,2.0,69230,514630,1,0,1,0.0,0.0,0.0,1.5,0,1.0,4774.999999999999,4,3.0
80819,4410.0,0.0,1.0,1.0,2.0,3.0,1.0,5.0,0.0,0.0,3.0,0,0.0,1.0,1.0,2.0,2.0,7.0,0.0,0.0,0.0,3,1680.0,2.0,30870,97780,9000,0,1,0.0,0.0,0.0,11.4,0,1.0,4410.0,3,2.0
88896,3780.0,0.0,2.0,1.0,1.0,3.0,1.0,5.0,1.0,0.0,3.0,0,2.0,3.0,1.0,2.0,2.0,7.0,0.0,0.0,0.0,3,1333.0,2.0,28350,188040,120000,0,1,0.0,0.0,0.0,1.6,1,1.0,3780.0,3,2.0
11541,8509.0,0.0,1.0,1.0,3.0,3.0,1.0,5.0,0.0,0.0,3.0,0,0.0,1.0,1.0,1.0,1.0,7.0,0.0,0.0,0.0,3,1615.0,2.0,46790,186970,242000,0,1,0.0,0.0,0.0,4.0,1,1.0,8509.0,3,1.5
82484,4189.0,0.0,1.0,1.0,2.0,3.0,1.0,5.0,0.0,0.0,3.0,0,0.0,1.0,1.0,2.0,2.0,7.0,0.0,0.0,0.0,3,1124.0,2.0,54450,180940,270000,0,1,0.0,0.0,1.0,6.2,1,1.0,4189.000000000001,3,1.0
89720,10345.0,0.0,2.0,1.0,1.0,3.0,1.0,5.0,1.0,0.0,3.0,0,2.0,4.0,1.0,2.0,2.0,7.0,0.0,0.0,0.0,3,1500.0,2.0,36200,193560,149000,0,1,0.0,0.0,0.0,3.9,1,1.0,10344.999999999996,3,1.0
149951,3675.0,0.0,2.0,1.0,1.0,3.0,1.0,5.0,1.0,0.0,3.0,0,2.0,0.0,0.0,0.0,0.0,7.0,0.0,0.0,0.0,3,2160.0,2.0,91870,348630,1,0,1,0.0,0.0,0.0,1.6,0,0.0,3675.0,3,2.0
88149,18700.0,0.0,2.0,4.0,1.0,1.0,1.0,5.0,1.0,2.0,3.0,0,1.0,5.0,2.0,1.0,1.0,7.0,0.0,0.0,0.0,3,5057.0,2.0,261800,1621780,2300000,0,1,0.0,0.0,0.0,0.9,1,1.0,18700.000000000004,6,5.5
8902,4375.0,0.0,4.0,1.0,1.0,3.0,1.0,5.0,0.0,0.0,1.0,1,0.0,1.0,1.0,2.0,2.0,7.0,0.0,0.0,0.0,3,1689.0,2.0,56870,232190,324000,0,1,0.0,0.0,0.0,10.9,1,1.0,4375.000000000001,4,1.5
93273,5625.0,0.0,2.0,1.0,1.0,3.0,1.0,5.0,0.0,0.0,2.0,3,0.0,0.0,0.0,0.0,0.0,7.0,0.0,0.0,0.0,3,1292.0,2.0,56250,230300,325000,0,1,0.0,0.0,0.0,5.9,1,0.0,5625.0,3,1.0
18572,6000.0,0.0,3.0,1.0,2.0,3.0,1.0,5.0,0.0,0.0,3.0,0,0.0,2.0,1.0,2.0,2.0,7.0,0.0,0.0,0.0,1,1105.0,2.0,19500,39650,25000,0,1,0.0,0.0,1.0,5.9,1,1.0,6000.0,3,1.0
32392,4740.0,0.0,1.0,1.0,3.0,3.0,1.0,5.0,0.0,0.0,2.0,1,2.0,0.0,0.0,0.0,0.0,7.0,0.0,0.0,0.0,3,1572.0,2.0,47400,168760,1,0,1,0.0,0.0,0.0,8.6,0,0.0,4740.000000000001,3,1.0
16835,6500.0,0.0,2.0,1.0,1.0,1.0,2.0,5.0,1.0,1.0,1.0,3,2.0,3.0,2.0,1.0,2.0,7.0,0.0,0.0,0.0,3,1473.0,2.0,47120,280810,390000,0,1,1.0,0.0,0.0,6.1,1,1.0,6499.999999999999,3,1.5
41371,3750.0,0.0,2.0,1.0,1.0,3.0,1.0,5.0,1.0,0.0,1.0,1,2.0,3.0,1.0,2.0,2.0,7.0,0.0,0.0,0.0,3,1547.0,2.0,33750,159210,211000,0,1,0.0,0.0,0.0,5.8,1,1.0,3750.000000000001,3,1.5
187667,14154.0,0.0,1.0,1.0,1.0,3.0,1.0,5.0,1.0,1.0,3.0,0,1.0,3.0,1.0,1.0,1.0,7.0,0.0,0.0,0.0,3,3881.0,2.0,14150,461600,450000,0,1,0.0,0.0,0.0,0.9,1,1.0,14153.999999999998,5,3.5
70967,3480.0,0.0,1.0,1.0,1.0,3.0,1.0,5.0,0.0,0.0,1.0,1,0.0,0.0,0.0,0.0,0.0,7.0,0.0,0.0,0.0,3,1100.0,2.0,38280,164120,171171,0,1,1.0,0.0,0.0,9.2,1,0.0,3479.9999999999995,2,1.0
10624,3720.0,0.0,2.0,1.0,1.0,3.0,1.0,5.0,0.0,0.0,3.0,0,0.0,3.0,1.0,2.0,2.0,7.0,0.0,0.0,0.0,3,912.0,2.0,37200,187820,250000,0,1,1.0,0.0,0.0,6.4,1,1.0,3720.0,2,1.0
170520,10125.0,0.0,1.0,1.0,1.0,1.0,1.0,2.0,1.0,1.0,3.0,0,0.0,3.0,1.0,2.0,2.0,7.0,0.0,0.0,0.0,3,1184.0,2.0,43030,204650,280000,0,1,0.0,0.0,0.0,5.0,1,1.0,10125.0,3,1.5
96789,2475.0,0.0,1.0,1.0,1.0,3.0,1.0,5.0,0.0,0.0,3.0,0,2.0,0.0,0.0,0.0,0.0,7.0,0.0,0.0,0.0,2,775.0,2.0,32170,206500,150000,1,1,0.0,0.0,0.0,9.5,1,0.0,2475.0,2,1.0
158852,11250.0,0.0,2.0,1.0,3.0,1.0,1.0,5.0,1.0,1.0,2.0,3,0.0,3.0,2.0,1.0,1.0,7.0,0.0,0.0,0.0,1,2422.0,2.0,182810,709050,653000,0,1,0.0,0.0,0.0,8.8,1,1.0,11249.999999999998,4,3.5
33929,12040.0,0.0,2.0,4.0,3.0,3.0,1.0,5.0,1.0,1.0,3.0,0,0.0,4.0,2.0,1.0,2.0,7.0,0.0,0.0,0.0,3,2588.0,3.0,96320,451520,737500,0,1,0.0,0.0,0.0,3.4,1,1.0,12040.0,3,2.5
132174,5118.0,0.0,1.0,1.0,2.0,3.0,1.0,5.0,0.0,0.0,3.0,0,0.0,0.0,0.0,0.0,0.0,7.0,0.0,0.0,0.0,3,1029.0,2.0,35820,67730,100,0,1,0.0,0.0,1.0,6.4,0,0.0,5118.0,2,1.0
147369,7920.0,0.0,1.0,1.0,1.0,3.0,1.0,5.0,0.0,0.0,3.0,0,0.0,2.0,1.0,1.0,2.0,7.0,0.0,0.0,0.0,3,696.0,2.0,75240,114930,218000,0,1,0.0,0.0,0.0,7.7,1,1.0,7920.0,3,1.0
181148,4996.0,0.0,2.0,1.0,1.0,3.0,1.0,5.0,1.0,0.0,3.0,0,0.0,0.0,0.0,0.0,0.0,7.0,0.0,0.0,0.0,3,1200.0,2.0,36220,177840,315000,0,1,0.0,0.0,0.0,5.8,1,0.0,4996.0,3,1.5
163527,8210.0,0.0,2.0,1.0,4.0,3.0,1.0,5.0,1.0,0.0,3.0,0,0.0,2.0,1.0,1.0,2.0,7.0,0.0,0.0,0.0,3,1450.0,2.0,32840,107280,149000,0,1,0.0,0.0,0.0,5.7,1,1.0,8210.000000000002,3,1.5
189521,8966.0,0.0,3.0,1.0,3.0,3.0,1.0,5.0,1.0,1.0,3.0,0,0.0,3.0,2.0,1.0,2.0,7.0,0.0,0.0,0.0,3,2938.0,2.0,69480,478310,550000,0,1,0.0,1.0,0.0,4.8,1,1.0,8966.0,4,2.5
76457,3720.0,0.0,2.0,1.0,1.0,1.0,2.0,5.0,0.0,0.0,1.0,1,0.0,1.0,1.0,2.0,2.0,7.0,0.0,0.0,0.0,3,1296.0,2.0,20460,85220,31500,0,1,0.0,0.0,0.0,10.1,1,1.0,3720.0,3,1.5
128800,3000.0,0.0,2.0,1.0,1.0,1.0,1.0,5.0,1.0,1.0,1.0,1,2.0,3.0,1.0,2.0,2.0,7.0,0.0,0.0,0.0,3,1729.0,2.0,270000,568500,1140501,0,1,0.0,0.0,0.0,12.9,1,1.0,2999.9999999999995,3,3.0
70794,4620.0,0.0,2.0,1.0,1.0,3.0,1.0,5.0,1.0,1.0,2.0,3,2.0,2.0,1.0,2.0,2.0,7.0,0.0,0.0,0.0,3,968.0,2.0,30030,197600,278000,0,1,0.0,0.0,0.0,6.6,1,1.0,4620.000000000001,2,1.0
191105,4199.0,0.0,2.0,1.0,1.0,3.0,1.0,5.0,1.0,0.0,1.0,1,2.0,3.0,1.0,2.0,2.0,7.0,0.0,0.0,0.0,1,1731.0,2.0,39890,288020,304000,0,1,0.0,0.0,1.0,9.4,1,1.0,4199.0,3,1.0
56473,5512.0,0.0,2.0,1.0,1.0,3.0,1.0,5.0,1.0,1.0,3.0,0,2.0,3.0,1.0,2.0,2.0,7.0,0.0,0.0,0.0,3,2850.0,2.0,66140,473670,570000,0,1,0.0,0.0,0.0,6.4,1,1.0,5512.0,6,3.0
99991,3750.0,0.0,2.0,1.0,1.0,3.0,1.0,5.0,0.0,0.0,3.0,0,0.0,1.0,1.0,2.0,2.0,7.0,0.0,0.0,0.0,3,960.0,2.0,41250,156730,212000,0,1,0.0,0.0,0.0,9.5,1,1.0,3750.000000000001,2,1.0
195952,8308.0,0.0,1.0,1.0,1.0,3.0,1.0,5.0,1.0,1.0,3.0,0,0.0,3.0,1.0,1.0,2.0,7.0,0.0,0.0,0.0,3,2091.0,2.0,27000,142400,225000,0,1,0.0,0.0,0.0,5.1,1,1.0,8307.999999999996,4,3.0
179974,6863.0,0.0,3.0,1.0,1.0,3.0,1.0,5.0,0.0,0.0,1.0,1,0.0,3.0,1.0,2.0,2.0,7.0,0.0,0.0,0.0,1,868.0,2.0,34310,139320,185000,0,1,0.0,1.0,0.0,6.4,1,1.0,6863.000000000001,3,1.5
90656,11880.0,0.0,3.0,1.0,3.0,3.0,1.0,5.0,1.0,1.0,3.0,0,2.0,3.0,2.0,1.0,2.0,7.0,0.0,0.0,0.0,3,3904.0,2.0,112860,444670,950000,0,1,0.0,0.0,0.0,4.3,1,1.0,11880.0,6,3.5
105701,9900.0,0.0,3.0,1.0,3.0,3.0,1.0,5.0,0.0,1.0,3.0,0,2.0,3.0,2.0,1.0,2.0,7.0,0.0,0.0,0.0,1,2660.0,2.0,94050,421080,615000,0,1,0.0,1.0,0.0,7.4,1,1.0,9900.0,3,2.5
79572,3875.0,0.0,1.0,1.0,3.0,3.0,2.0,5.0,0.0,0.0,1.0,3,0.0,1.0,1.0,2.0,2.0,7.0,0.0,0.0,0.0,1,726.0,2.0,34870,79650,50000,0,1,0.0,0.0,0.0,9.7,1,1.0,3875.0,2,1.0
145290,6550.0,0.0,3.0,1.0,1.0,3.0,2.0,5.0,1.0,1.0,1.0,3,0.0,4.0,1.0,2.0,2.0,7.0,0.0,0.0,0.0,3,2120.0,2.0,57310,331170,492500,0,1,1.0,0.0,0.0,8.8,1,1.0,6550.000000000001,4,2.5
81493,2800.0,0.0,1.0,1.0,1.0,1.0,2.0,5.0,0.0,0.0,1.0,3,2.0,0.0,0.0,0.0,0.0,7.0,0.0,0.0,0.0,3,945.0,2.0,29400,59490,1,0,1,0.0,0.0,0.0,11.9,0,0.0,2800.0,3,2.0
56310,3780.0,0.0,2.0,1.0,1.0,1.0,2.0,5.0,1.0,0.0,2.0,1,2.0,1.0,1.0,2.0,2.0,7.0,0.0,0.0,0.0,1,1268.0,2.0,44410,111570,347000,0,1,0.0,0.0,0.0,9.2,1,1.0,3780.0,3,1.0
146496,3794.202898550725,0.0,1.0,1.0,1.0,3.0,1.0,5.0,0.0,0.0,3.0,0,0.0,0.0,0.0,0.0,0.0,7.0,0.0,0.0,0.0,3,1428.0,2.0,41250,315970,102329,1,1,0.0,0.0,0.0,11.9,1,0.0,3794.202898550725,3,1.0
178162,65296.0,0.0,2.0,1.0,1.0,1.0,1.0,5.0,1.0,2.0,2.0,1,2.0,7.0,2.0,1.0,1.0,7.0,0.0,0.0,0.0,3,7151.0,2.0,114260,923010,1440000,0,1,0.0,0.0,0.0,1.3,1,1.0,65296.0,4,5.0
93609,5000.0,0.0,1.0,1.0,2.0,3.0,1.0,5.0,0.0,0.0,3.0,0,0.0,1.0,1.0,2.0,2.0,7.0,0.0,0.0,0.0,3,1305.0,2.0,32500,95630,55000,0,1,0.0,0.0,0.0,7.0,1,1.0,5000.0,3,1.0
53491,11484.0,0.0,1.0,1.0,2.0,3.0,1.0,5.0,1.0,1.0,3.0,0,2.0,3.0,1.0,1.0,2.0,7.0,0.0,0.0,0.0,3,1800.0,2.0,63160,288630,320000,0,1,0.0,0.0,1.0,6.3,1,1.0,11484.000000000002,4,2.5
40060,7800.0,0.0,1.0,1.0,4.0,3.0,1.0,5.0,1.0,0.0,3.0,0,0.0,4.0,1.0,2.0,2.0,7.0,0.0,0.0,0.0,3,1435.0,2.0,21450,172330,156150,0,1,0.0,0.0,0.0,5.4,1,1.0,7799.999999999999,3,1.5
46518,4026.0,0.0,2.0,1.0,1.0,3.0,1.0,5.0,1.0,0.0,1.0,1,2.0,4.0,1.0,2.0,2.0,7.0,0.0,0.0,0.0,1,1854.0,2.0,40260,194300,375000,0,1,0.0,0.0,0.0,9.0,1,1.0,4026.0,4,1.5
129806,6700.0,0.0,2.0,1.0,1.0,3.0,2.0,5.0,0.0,0.0,2.0,3,0.0,2.0,1.0,2.0,2.0,7.0,0.0,0.0,0.0,3,1140.0,2.0,53600,118450,128000,0,1,0.0,0.0,0.0,8.4,1,1.0,6699.999999999999,3,1.0
19181,11828.0,0.0,1.0,1.0,1.0,3.0,1.0,5.0,1.0,1.0,3.0,0,0.0,3.0,1.0,1.0,2.0,7.0,0.0,0.0,0.0,3,1588.0,2.0,50260,201360,275000,0,1,0.0,0.0,0.0,3.5,1,1.0,11828.000000000004,3,2.0
14210,3750.0,0.0,2.0,1.0,1.0,1.0,1.0,5.0,1.0,0.0,3.0,0,0.0,3.0,1.0,2.0,2.0,7.0,0.0,0.0,0.0,3,1128.0,2.0,22500,106500,105000,0,1,0.0,0.0,0.0,5.2,1,1.0,3750.000000000001,3,1.5
141147,5208.0,0.0,2.0,1.0,1.0,1.0,1.0,5.0,1.0,0.0,3.0,0,0.0,3.0,1.0,2.0,2.0,7.0,0.0,0.0,0.0,3,1110.0,2.0,16920,58500,45000,0,1,0.0,0.0,0.0,5.6,1,1.0,5208.0,3,1.0
190934,8980.0,0.0,2.0,1.0,3.0,3.0,1.0,5.0,1.0,0.0,3.0,0,1.0,3.0,2.0,1.0,2.0,7.0,0.0,0.0,0.0,3,2108.0,2.0,40410,227660,238000,0,1,0.0,0.0,1.0,1.3,1,1.0,8980.0,4,2.0
164317,4880.0,0.0,1.0,1.0,2.0,3.0,1.0,5.0,0.0,0.0,3.0,0,0.0,3.0,1.0,2.0,2.0,7.0,0.0,0.0,0.0,3,968.0,2.0,30500,88410,70000,0,1,0.0,0.0,0.0,6.7,1,1.0,4879.999999999999,2,2.0
181103,6250.0,0.0,2.0,1.0,1.0,3.0,1.0,5.0,0.0,0.0,3.0,0,0.0,3.0,2.0,2.0,2.0,7.0,0.0,0.0,0.0,3,1275.0,2.0,20310,101120,116900,0,1,0.0,0.0,0.0,6.1,1,1.0,6250.000000000001,3,2.0
70236,4032.0,0.0,2.0,1.0,1.0,3.0,1.0,2.0,0.0,0.0,2.0,3,2.0,3.0,1.0,2.0,2.0,7.0,0.0,0.0,0.0,1,982.0,2.0,52410,142610,1,0,1,0.0,0.0,0.0,9.3,0,1.0,4032.000000000001,4,1.0
98321,3250.0,0.0,1.0,1.0,1.0,3.0,1.0,5.0,0.0,0.0,1.0,3,0.0,4.0,1.0,2.0,2.0,7.0,0.0,0.0,0.0,1,770.0,2.0,39000,143000,282500,0,1,0.0,0.0,0.0,11.7,1,1.0,3250.0,2,1.0
120613,3875.0,0.0,2.0,1.0,1.0,3.0,1.0,5.0,1.0,0.0,3.0,0,2.0,3.0,1.0,2.0,2.0,7.0,0.0,0.0,0.0,3,800.0,2.0,27120,117060,119000,0,1,0.0,0.0,0.0,4.0,1,1.0,3875.0,2,1.0
106793,3150.0,0.0,1.0,1.0,2.0,3.0,1.0,5.0,0.0,0.0,3.0,0,0.0,0.0,0.0,0.0,0.0,7.0,0.0,0.0,0.0,3,990.0,2.0,23620,65290,135000,0,1,0.0,0.0,0.0,12.5,1,0.0,3149.9999999999995,2,1.0
14453,3837.0,0.0,3.0,1.0,1.0,3.0,1.0,5.0,0.0,0.0,1.0,1,2.0,3.0,1.0,2.0,2.0,7.0,0.0,0.0,0.0,3,1361.0,2.0,23020,76950,18000,0,1,0.0,0.0,0.0,6.2,1,1.0,3837.000000000001,3,1.0
175284,6679.0,0.0,2.0,1.0,1.0,3.0,1.0,5.0,1.0,0.0,3.0,0,0.0,3.0,1.0,1.0,2.0,7.0,0.0,0.0,0.0,1,1225.0,2.0,26710,71800,174000,0,1,0.0,0.0,0.0,4.3,1,1.0,6678.999999999999,3,1.5
94808,3875.0,0.0,2.0,1.0,1.0,1.0,2.0,5.0,0.0,0.0,1.0,3,0.0,3.0,1.0,2.0,2.0,7.0,0.0,0.0,0.0,3,1010.0,2.0,27120,78600,48000,0,1,0.0,0.0,0.0,8.8,1,1.0,3875.0,3,1.0
5866,8966.0,0.0,1.0,1.0,3.0,3.0,1.0,5.0,0.0,2.0,3.0,0,2.0,2.0,1.0,1.0,1.0,7.0,0.0,0.0,0.0,3,2192.0,2.0,174830,606960,831000,0,1,0.0,0.0,0.0,6.5,1,1.0,8966.0,3,2.0
126838,17838.0,0.0,3.0,1.0,1.0,3.0,1.0,5.0,1.0,1.0,3.0,0,1.0,6.0,2.0,1.0,1.0,7.0,0.0,0.0,0.0,3,3290.0,2.0,89190,300050,1,0,1,0.0,0.0,0.0,2.1,0,1.0,17837.999999999996,4,2.5
203052,6050.0,0.0,3.0,1.0,1.0,3.0,1.0,5.0,1.0,1.0,3.0,0,2.0,2.0,1.0,1.0,1.0,7.0,0.0,0.0,0.0,1,1812.0,2.0,25710,195670,250000,0,1,0.0,1.0,0.0,5.7,1,1.0,6050.0,3,1.5
87795,9600.0,0.0,1.0,1.0,4.0,3.0,1.0,5.0,1.0,0.0,1.0,3,2.0,1.0,1.0,2.0,2.0,7.0,0.0,0.0,0.0,3,720.0,2.0,31200,42740,48000,0,1,0.0,0.0,0.0,6.6,1,1.0,9600.0,2,1.0
1300,3750.0,0.0,1.0,1.0,2.0,3.0,1.0,5.0,0.0,0.0,3.0,0,0.0,1.0,1.0,2.0,2.0,7.0,0.0,0.0,0.0,3,1379.0,2.0,26250,83210,214900,0,1,0.0,0.0,0.0,8.7,1,1.0,3750.000000000001,3,1.0
43414,3125.0,0.0,1.0,6.0,1.0,3.0,1.0,5.0,0.0,0.0,1.0,1,0.0,3.0,1.0,2.0,2.0,7.0,0.0,0.0,0.0,1,1449.0,2.0,125000,412620,1,0,1,0.0,0.0,0.0,11.4,0,1.0,3125.0,4,1.5
3676,3175.0,0.0,1.0,1.0,1.0,3.0,1.0,2.0,0.0,0.0,1.0,3,0.0,3.0,1.0,2.0,2.0,7.0,0.0,0.0,0.0,1,660.0,2.0,31750,126770,52500,0,1,0.0,0.0,0.0,9.8,1,1.0,3175.0000000000005,2,1.0
22872,3296.0,0.0,2.0,2.0,1.0,3.0,1.0,5.0,0.0,0.0,3.0,0,2.0,3.0,2.0,2.0,2.0,7.0,0.0,0.0,0.0,3,2528.0,2.0,112060,714470,1021000,0,1,0.0,0.0,0.0,11.0,1,1.0,3296.0,3,2.0
28006,7381.0,0.0,3.0,1.0,1.0,3.0,1.0,5.0,0.0,0.0,2.0,3,0.0,3.0,1.0,2.0,2.0,7.0,0.0,0.0,0.0,3,915.0,2.0,59040,61440,1,0,1,0.0,0.0,0.0,6.1,0,1.0,7381.0,2,1.0
144623,9504.0,0.0,1.0,1.0,1.0,3.0,1.0,5.0,1.0,1.0,3.0,0,2.0,3.0,2.0,1.0,2.0,7.0,0.0,0.0,0.0,3,2296.0,2.0,45140,350450,275000,0,1,0.0,0.0,0.0,3.7,1,1.0,9503.999999999998,4,2.5
144427,5560.0,0.0,2.0,1.0,1.0,3.0,1.0,5.0,0.0,0.0,3.0,0,0.0,1.0,1.0,2.0,2.0,7.0,0.0,0.0,0.0,1,864.0,2.0,44480,59110,1,0,1,0.0,0.0,1.0,9.2,0,1.0,5560.0,3,1.0
177260,1056.5364387678435,0.0,2.0,5.0,2.0,3.0,2.0,5.0,1.0,0.0,2.0,3,2.0,3.0,1.0,2.0,2.0,7.0,0.0,0.0,0.0,3,500.0,2.0,168750,906250,145567,1,1,0.0,0.0,0.0,12.5,1,1.0,1056.5364387678435,2,1.0
197002,4312.0,0.0,2.0,1.0,1.0,3.0,2.0,5.0,0.0,1.0,2.0,3,2.0,3.0,1.0,2.0,2.0,7.0,0.0,0.0,0.0,1,1104.0,2.0,38800,58730,7500,0,1,0.0,0.0,0.0,9.1,0,1.0,4312.0,3,2.5
133898,5000.0,0.0,2.0,1.0,1.0,1.0,1.0,5.0,1.0,1.0,2.0,1,0.0,3.0,1.0,2.0,2.0,7.0,0.0,0.0,0.0,3,1332.0,2.0,50000,233930,346000,0,1,0.0,0.0,0.0,7.4,1,1.0,5000.0,4,1.5
24643,7553.0,0.0,1.0,1.0,1.0,3.0,2.0,5.0,0.0,1.0,1.0,3,2.0,3.0,1.0,1.0,1.0,7.0,0.0,0.0,0.0,3,2332.0,2.0,111400,468730,880000,0,1,0.0,0.0,0.0,8.6,1,1.0,7553.0,4,2.5
22799,18101.0,0.0,3.0,5.0,3.0,1.0,1.0,5.0,1.0,2.0,3.0,0,2.0,3.0,3.0,1.0,2.0,7.0,0.0,0.0,0.0,1,2896.0,2.0,99550,324350,535000,0,1,0.0,0.0,0.0,4.2,1,1.0,18101.0,4,2.5
28385,5381.0,0.0,3.0,1.0,3.0,3.0,2.0,5.0,1.0,0.0,3.0,0,2.0,1.0,3.0,1.0,1.0,7.0,0.0,0.0,0.0,3,1827.0,2.0,37660,183970,240000,0,1,0.0,0.0,0.0,6.1,1,1.0,5381.0,3,1.5
142699,7670.0,0.0,3.0,1.0,4.0,3.0,1.0,5.0,0.0,0.0,2.0,3,0.0,3.0,1.0,2.0,2.0,7.0,0.0,0.0,0.0,3,1032.0,2.0,38350,96960,131000,0,1,0.0,0.0,0.0,6.2,1,1.0,7670.0,3,1.0
155671,3780.0,0.0,2.0,1.0,1.0,3.0,2.0,5.0,0.0,0.0,1.0,3,0.0,3.0,1.0,2.0,2.0,7.0,0.0,0.0,0.0,1,953.0,2.0,32130,109230,104000,0,1,0.0,0.0,0.0,8.3,1,1.0,3780.0,2,1.0
97981,6200.0,0.0,2.0,1.0,1.0,3.0,2.0,5.0,0.0,1.0,1.0,3,0.0,3.0,2.0,2.0,2.0,7.0,0.0,0.0,0.0,3,1886.0,2.0,55800,266050,370000,0,1,0.0,0.0,0.0,9.9,1,1.0,6200.0,4,1.0
100753,5040.0,0.0,2.0,1.0,1.0,3.0,1.0,5.0,1.0,0.0,3.0,0,0.0,3.0,2.0,1.0,2.0,7.0,0.0,0.0,0.0,3,1858.0,2.0,55440,293980,1,0,1,1.0,0.0,0.0,3.8,0,1.0,5040.000000000001,3,2.0
57438,3150.0,0.0,4.0,1.0,1.0,1.0,2.0,5.0,0.0,0.0,3.0,0,2.0,3.0,1.0,2.0,2.0,7.0,0.0,0.0,0.0,1,1632.0,2.0,24410,227770,315000,0,1,0.0,0.0,1.0,9.1,1,1.0,3149.9999999999995,3,1.0
144393,3600.0,0.0,2.0,1.0,1.0,1.0,1.0,5.0,0.0,0.0,2.0,3,0.0,1.0,1.0,2.0,2.0,7.0,0.0,0.0,0.0,3,1392.0,2.0,25200,92290,194000,0,1,0.0,0.0,0.0,7.0,1,1.0,3600.0,3,1.5
91608,12000.0,0.0,1.0,1.0,1.0,3.0,1.0,2.0,0.0,0.0,3.0,0,0.0,3.0,1.0,2.0,2.0,7.0,0.0,0.0,0.0,1,696.0,2.0,39600,3380,89000,0,1,0.0,0.0,0.0,6.5,1,1.0,12000.000000000004,2,1.0
139586,3475.0,0.0,2.0,2.0,3.0,1.0,1.0,2.0,0.0,0.0,3.0,0,0.0,3.0,3.0,2.0,2.0,7.0,0.0,0.0,0.0,3,1984.0,2.0,24320,101920,8900,0,1,0.0,0.0,0.0,11.4,0,1.0,3475.0000000000005,4,2.0
84987,5000.0,0.0,2.0,1.0,1.0,3.0,2.0,2.0,0.0,0.0,1.0,1,0.0,3.0,1.0,2.0,2.0,7.0,0.0,0.0,0.0,3,1752.0,2.0,35000,113330,201800,0,1,0.0,0.0,0.0,9.6,1,1.0,5000.0,4,1.0
74845,9249.0,0.0,3.0,1.0,1.0,3.0,1.0,5.0,1.0,1.0,3.0,0,1.0,3.0,2.0,1.0,1.0,7.0,0.0,0.0,0.0,3,2480.0,2.0,34680,172660,180000,0,1,0.0,0.0,0.0,1.6,1,1.0,9248.999999999998,4,2.5
86882,56105.0,0.0,1.0,1.0,3.0,3.0,1.0,5.0,0.0,1.0,3.0,0,0.0,3.0,1.0,1.0,2.0,7.0,0.0,0.0,0.0,3,1538.0,2.0,98180,259460,409000,0,1,0.0,0.0,0.0,6.2,1,1.0,56104.99999999998,4,2.0
69759,4687.0,0.0,2.0,1.0,1.0,1.0,2.0,5.0,0.0,0.0,1.0,3,0.0,3.0,2.0,2.0,2.0,7.0,0.0,0.0,0.0,1,1196.0,2.0,37490,93950,1,0,1,0.0,0.0,0.0,9.3,0,1.0,4687.0,3,1.0
57817,5180.0,0.0,3.0,1.0,1.0,3.0,1.0,5.0,0.0,0.0,2.0,3,0.0,0.0,0.0,0.0,0.0,7.0,0.0,0.0,0.0,3,2033.0,2.0,44030,154350,95000,0,1,0.0,0.0,0.0,11.4,1,0.0,5179.999999999999,4,2.0
117692,3937.0,0.0,1.0,1.0,1.0,1.0,1.0,5.0,0.0,0.0,1.0,3,0.0,3.0,1.0,2.0,2.0,7.0,0.0,0.0,0.0,1,989.0,2.0,47240,162730,170126,0,1,0.0,0.0,0.0,9.2,1,1.0,3937.0,2,1.5
202365,4125.0,0.0,1.0,1.0,3.0,1.0,1.0,5.0,0.0,0.0,1.0,3,2.0,3.0,1.0,2.0,2.0,7.0,0.0,0.0,0.0,1,851.0,2.0,20620,149310,266500,0,1,0.0,0.0,0.0,8.8,1,1.0,4125.000000000001,2,1.0
188319,2440.0,0.0,3.0,2.0,2.0,3.0,1.0,5.0,0.0,0.0,3.0,0,2.0,4.0,2.0,1.0,1.0,7.0,0.0,0.0,0.0,3,2182.0,2.0,34160,277550,442000,0,1,0.0,0.0,0.0,9.7,1,1.0,2439.9999999999995,4,2.0
83935,4510.0,0.0,2.0,1.0,1.0,3.0,1.0,5.0,0.0,0.0,2.0,3,0.0,3.0,1.0,2.0,2.0,7.0,0.0,0.0,0.0,3,1200.0,2.0,65390,207520,375000,0,1,0.0,0.0,0.0,9.5,1,1.0,4510.0,3,1.0
120948,3000.0,0.0,1.0,1.0,1.0,3.0,1.0,5.0,1.0,0.0,1.0,1,2.0,3.0,1.0,2.0,2.0,7.0,0.0,0.0,0.0,1,1322.0,2.0,120000,431420,612000,0,1,0.0,0.0,0.0,12.7,1,1.0,2999.9999999999995,3,2.0
23389,8550.0,0.0,1.0,1.0,1.0,3.0,1.0,5.0,0.0,1.0,1.0,1,0.0,0.0,0.0,0.0,0.0,7.0,0.0,0.0,0.0,1,1960.0,2.0,68400,326720,685000,0,1,0.0,0.0,0.0,10.6,1,0.0,8549.999999999998,4,1.5
104422,20000.0,0.0,3.0,1.0,1.0,3.0,1.0,5.0,0.0,1.0,3.0,0,0.0,3.0,2.0,1.0,2.0,7.0,0.0,0.0,0.0,3,2184.0,3.0,100000,259630,1,0,1,0.0,0.0,1.0,3.7,0,1.0,20000.0,4,2.5
32849,10990.0,0.0,2.0,1.0,4.0,3.0,1.0,5.0,1.0,1.0,3.0,0,2.0,1.0,2.0,1.0,2.0,7.0,0.0,0.0,0.0,3,1402.0,2.0,41210,114650,199900,0,1,0.0,0.0,0.0,5.8,1,1.0,10989.999999999996,3,1.0
202400,5054.0,0.0,3.0,1.0,1.0,3.0,1.0,5.0,1.0,0.0,3.0,0,2.0,3.0,1.0,2.0,2.0,7.0,0.0,0.0,0.0,3,2206.0,2.0,37900,157140,225000,0,1,0.0,0.0,0.0,4.5,1,1.0,5053.999999999999,4,2.0
42502,6237.0,0.0,1.0,1.0,1.0,3.0,1.0,5.0,1.0,0.0,3.0,0,0.0,2.0,1.0,1.0,2.0,7.0,0.0,0.0,0.0,3,912.0,2.0,15590,65220,38000,0,1,0.0,0.0,0.0,6.0,1,1.0,6237.0,2,1.5
125046,8600.0,0.0,1.0,1.0,2.0,3.0,1.0,5.0,0.0,0.0,3.0,0,2.0,1.0,1.0,2.0,2.0,7.0,0.0,0.0,0.0,3,1752.0,2.0,77400,213890,350000,0,1,0.0,0.0,0.0,10.7,1,1.0,8600.0,3,1.5
71904,5480.0,0.0,1.0,1.0,1.0,1.0,1.0,5.0,1.0,0.0,3.0,0,2.0,3.0,1.0,1.0,1.0,7.0,0.0,0.0,0.0,3,2314.0,2.0,39730,163190,850000,0,1,0.0,0.0,0.0,0.1,1,1.0,5480.0,4,3.5
65932,6600.0,0.0,1.0,1.0,2.0,3.0,1.0,5.0,0.0,0.0,3.0,0,0.0,0.0,0.0,0.0,0.0,7.0,0.0,0.0,0.0,3,1152.0,2.0,18150,35260,20000,0,1,0.0,0.0,0.0,4.8,1,0.0,6600.000000000001,3,1.0
133839,7736.0,0.0,1.0,1.0,4.0,3.0,1.0,5.0,1.0,0.0,1.0,1,2.0,3.0,1.0,1.0,2.0,7.0,0.0,0.0,0.0,3,1902.0,2.0,34810,249190,325000,0,1,0.0,0.0,0.0,5.1,1,1.0,7736.000000000001,3,2.0
39153,3125.0,0.0,2.0,1.0,1.0,1.0,1.0,5.0,1.0,1.0,3.0,0,2.0,3.0,1.0,2.0,2.0,7.0,0.0,0.0,0.0,3,1840.0,2.0,81250,0,627500,0,1,0.0,0.0,0.0,0.1,1,1.0,3125.0,3,2.5
114038,3125.0,0.0,1.0,1.0,2.0,3.0,1.0,5.0,0.0,0.0,3.0,0,0.0,0.0,0.0,0.0,0.0,7.0,0.0,0.0,0.0,3,1045.0,2.0,20310,93660,150000,0,1,0.0,0.0,0.0,5.2,1,0.0,3125.0,2,1.0
71436,6200.0,0.0,2.0,1.0,1.0,3.0,1.0,5.0,0.0,0.0,3.0,0,0.0,3.0,1.0,2.0,2.0,7.0,0.0,0.0,0.0,3,1526.0,2.0,55800,230910,330000,0,1,0.0,0.0,0.0,7.8,1,1.0,6200.0,3,1.0
69992,3087.0,0.0,2.0,1.0,1.0,3.0,1.0,2.0,0.0,0.0,1.0,3,2.0,3.0,1.0,2.0,2.0,7.0,0.0,0.0,0.0,1,1105.0,2.0,24690,73610,1,0,1,0.0,0.0,0.0,9.5,0,1.0,3086.9999999999995,3,1.0
187457,10075.0,0.0,2.0,1.0,1.0,1.0,1.0,5.0,1.0,1.0,3.0,0,2.0,1.0,2.0,1.0,2.0,7.0,0.0,0.0,0.0,1,1351.0,2.0,55410,228930,180000,0,1,0.0,0.0,0.0,6.1,1,1.0,10075.0,3,1.5
161474,5625.0,0.0,3.0,1.0,2.0,3.0,1.0,5.0,1.0,0.0,3.0,0,2.0,2.0,1.0,2.0,2.0,7.0,0.0,0.0,0.0,3,1791.0,2.0,28120,167010,1,0,1,0.0,0.0,0.0,6.8,0,1.0,5625.0,4,2.0
2152,4500.0,0.0,1.0,1.0,1.0,3.0,1.0,5.0,0.0,0.0,1.0,1,0.0,1.0,1.0,1.0,2.0,7.0,0.0,0.0,0.0,3,1200.0,2.0,58500,160840,282600,0,1,0.0,0.0,0.0,10.0,1,1.0,4499.999999999999,3,1.0
133273,10640.0,0.0,3.0,1.0,1.0,1.0,1.0,5.0,1.0,0.0,3.0,0,2.0,3.0,3.0,2.0,2.0,7.0,0.0,0.0,0.0,3,1124.0,2.0,98420,209100,357000,0,1,0.0,0.0,0.0,6.3,1,1.0,10640.0,3,1.0
18634,10500.0,0.0,1.0,1.0,2.0,3.0,1.0,5.0,0.0,0.0,3.0,0,0.0,1.0,1.0,1.0,2.0,7.0,0.0,0.0,0.0,3,945.0,2.0,28870,106730,155000,0,1,0.0,0.0,0.0,5.0,1,1.0,10500.000000000004,3,1.0
30430,3000.0,0.0,1.0,1.0,2.0,3.0,1.0,5.0,0.0,0.0,3.0,0,0.0,1.0,1.0,2.0,2.0,7.0,0.0,0.0,0.0,3,1080.0,2.0,22500,91200,73000,0,1,0.0,0.0,0.0,4.8,1,1.0,2999.9999999999995,2,1.0
42979,4375.0,0.0,2.0,1.0,1.0,1.0,1.0,5.0,1.0,0.0,2.0,3,0.0,3.0,2.0,2.0,2.0,7.0,0.0,0.0,0.0,1,1089.0,2.0,35000,112880,69000,0,1,0.0,0.0,0.0,6.4,1,1.0,4375.000000000001,2,1.5
188863,3741.0,0.0,1.0,1.0,2.0,3.0,1.0,5.0,0.0,0.0,3.0,0,0.0,1.0,1.0,2.0,2.0,7.0,0.0,0.0,0.0,3,1042.0,2.0,26180,99950,1,0,1,0.0,0.0,0.0,5.7,0,1.0,3741.000000000001,2,1.0
198161,8750.0,0.0,3.0,1.0,3.0,3.0,1.0,5.0,1.0,1.0,3.0,0,0.0,3.0,1.0,1.0,1.0,7.0,0.0,0.0,0.0,3,2586.0,2.0,35000,264290,372500,0,1,0.0,0.0,0.0,4.4,1,1.0,8749.999999999996,4,2.5
188826,3750.0,0.0,2.0,1.0,1.0,1.0,1.0,5.0,0.0,0.0,2.0,3,0.0,1.0,1.0,2.0,2.0,7.0,0.0,0.0,0.0,3,960.0,2.0,30000,77700,1,0,1,0.0,0.0,0.0,7.3,0,1.0,3750.000000000001,2,1.0
194043,10011.0,0.0,1.0,1.0,1.0,3.0,1.0,5.0,0.0,0.0,3.0,0,0.0,3.0,1.0,1.0,2.0,7.0,0.0,0.0,0.0,3,1025.0,2.0,30030,83370,75000,0,1,0.0,0.0,0.0,5.3,1,1.0,10011.0,3,1.5
159793,9450.0,0.0,2.0,1.0,1.0,1.0,1.0,5.0,0.0,0.0,1.0,3,0.0,1.0,3.0,1.0,2.0,7.0,0.0,0.0,0.0,3,1031.0,2.0,30710,77430,62000,0,1,0.0,1.0,0.0,5.4,1,1.0,9450.000000000004,3,1.5
58357,8850.0,0.0,2.0,3.0,1.0,1.0,1.0,5.0,1.0,2.0,2.0,3,2.0,3.0,4.0,2.0,2.0,7.0,0.0,0.0,0.0,3,3510.0,2.0,141600,1139350,1325000,0,1,0.0,0.0,0.0,1.3,1,1.0,8850.0,4,4.5
31196,9063.0,0.0,2.0,1.0,1.0,1.0,2.0,5.0,1.0,1.0,1.0,1,2.0,3.0,1.0,2.0,2.0,7.0,0.0,0.0,0.0,3,2061.0,2.0,63440,381700,470000,0,1,0.0,0.0,0.0,6.8,1,1.0,9063.0,4,2.0
45525,6700.0,0.0,2.0,1.0,1.0,3.0,1.0,5.0,0.0,0.0,3.0,0,0.0,3.0,1.0,2.0,2.0,7.0,0.0,0.0,0.0,3,1288.0,2.0,36850,191420,263000,0,1,0.0,0.0,0.0,6.8,1,1.0,6699.999999999999,3,1.0
129491,3845.0,0.0,2.0,1.0,1.0,3.0,1.0,5.0,0.0,0.0,2.0,3,2.0,2.0,1.0,2.0,2.0,7.0,0.0,0.0,0.0,3,1027.0,2.0,42290,163840,1,0,1,0.0,0.0,0.0,8.7,0,1.0,3845.0,2,1.0
67633,6577.0,0.0,3.0,1.0,3.0,3.0,1.0,5.0,1.0,1.0,3.0,0,0.0,3.0,3.0,1.0,2.0,7.0,0.0,0.0,0.0,3,1092.0,2.0,29590,120340,1,0,1,0.0,0.0,0.0,4.8,0,1.0,6576.999999999999,3,1.0
198387,4890.0,0.0,3.0,1.0,1.0,3.0,1.0,5.0,0.0,0.0,1.0,1,2.0,3.0,1.0,2.0,2.0,7.0,0.0,0.0,0.0,3,1312.0,2.0,34230,114290,1,0,1,0.0,0.0,0.0,6.5,0,1.0,4890.0,2,1.0
177250,4433.0,0.0,2.0,1.0,1.0,3.0,1.0,5.0,0.0,0.0,3.0,0,2.0,1.0,2.0,2.0,2.0,7.0,0.0,0.0,0.0,3,1502.0,2.0,16620,81320,40000,0,1,0.0,0.0,0.0,9.4,1,1.0,4433.000000000001,4,1.5
39094,3810.0,0.0,2.0,1.0,1.0,3.0,1.0,5.0,0.0,0.0,2.0,3,0.0,1.0,1.0,2.0,2.0,7.0,0.0,0.0,0.0,3,1070.0,2.0,49530,204480,225000,0,1,0.0,0.0,0.0,6.7,1,1.0,3810.0,2,1.0
41224,8550.0,0.0,1.0,1.0,1.0,3.0,2.0,5.0,1.0,1.0,2.0,1,2.0,2.0,1.0,2.0,2.0,7.0,0.0,0.0,0.0,3,3352.0,2.0,87630,619560,775000,0,1,0.0,0.0,0.0,9.4,1,1.0,8549.999999999998,4,2.5
163265,6600.0,0.0,3.0,1.0,1.0,1.0,1.0,5.0,0.0,0.0,2.0,3,0.0,3.0,1.0,2.0,2.0,7.0,0.0,0.0,0.0,3,920.0,2.0,16500,46580,25000,0,1,0.0,0.0,0.0,5.6,1,1.0,6600.000000000001,3,1.0
90965,10900.0,0.0,3.0,1.0,3.0,3.0,2.0,5.0,0.0,1.0,3.0,0,0.0,1.0,2.0,1.0,2.0,7.0,0.0,0.0,0.0,3,1225.0,2.0,62670,284590,225000,0,1,0.0,0.0,1.0,4.7,1,1.0,10899.999999999998,3,1.5
91379,3780.0,0.0,3.0,1.0,1.0,3.0,1.0,5.0,0.0,0.0,1.0,3,0.0,2.0,1.0,2.0,2.0,7.0,0.0,0.0,0.0,1,1080.0,2.0,37800,153260,132000,0,1,0.0,0.0,0.0,9.0,1,1.0,3780.0,2,1.0
10389,8524.0,0.0,1.0,1.0,1.0,3.0,1.0,5.0,1.0,0.0,3.0,0,2.0,5.0,1.0,1.0,1.0,7.0,0.0,0.0,0.0,3,3695.0,2.0,49010,312970,311000,0,1,0.0,0.0,0.0,1.3,1,1.0,8524.0,4,2.5
147314,3780.0,0.0,1.0,1.0,2.0,3.0,1.0,5.0,0.0,0.0,3.0,0,0.0,0.0,0.0,0.0,0.0,7.0,0.0,0.0,0.0,3,1058.0,2.0,37800,156590,1,0,1,0.0,0.0,0.0,6.1,0,0.0,3780.0,2,1.0
28204,8712.0,0.0,2.0,1.0,1.0,3.0,1.0,5.0,1.0,0.0,3.0,0,0.0,3.0,2.0,1.0,2.0,7.0,0.0,0.0,0.0,3,1280.0,2.0,37020,212330,380000,0,1,0.0,0.0,0.0,5.8,1,1.0,8712.0,3,1.0
47154,4140.0,0.0,2.0,1.0,1.0,1.0,1.0,5.0,1.0,1.0,1.0,3,0.0,3.0,1.0,2.0,2.0,7.0,0.0,0.0,0.0,1,1008.0,2.0,33120,108070,213000,0,1,0.0,0.0,0.0,9.3,1,1.0,4140.0,2,1.0
189620,8658.0,0.0,3.0,1.0,1.0,3.0,1.0,5.0,1.0,1.0,3.0,0,2.0,3.0,2.0,1.0,2.0,7.0,0.0,0.0,0.0,3,2717.0,2.0,34630,165630,80000,0,1,0.0,0.0,1.0,3.9,1,1.0,8658.000000000002,4,2.0
70351,3750.0,0.0,2.0,1.0,1.0,3.0,1.0,5.0,1.0,0.0,3.0,0,2.0,3.0,1.0,2.0,2.0,7.0,0.0,0.0,0.0,3,1040.0,2.0,30000,114730,238000,0,1,0.0,0.0,0.0,6.4,1,1.0,3750.000000000001,3,1.0
127161,11340.0,0.0,3.0,1.0,1.0,3.0,1.0,5.0,1.0,0.0,2.0,1,0.0,1.0,1.0,1.0,2.0,7.0,0.0,0.0,0.0,3,816.0,2.0,34020,165110,245500,0,1,0.0,0.0,0.0,6.9,1,1.0,11340.000000000002,3,1.0
149799,7058.0,0.0,1.0,1.0,1.0,1.0,1.0,5.0,1.0,1.0,3.0,0,2.0,3.0,1.0,1.0,1.0,7.0,0.0,0.0,0.0,3,2816.0,2.0,54690,399590,930000,0,1,0.0,0.0,0.0,0.4,1,1.0,7058.0,4,2.5
32460,7605.0,0.0,3.0,1.0,1.0,3.0,1.0,5.0,1.0,0.0,3.0,0,2.0,0.0,0.0,0.0,0.0,7.0,0.0,0.0,0.0,3,1196.0,2.0,58930,194110,260000,0,1,0.0,0.0,0.0,5.7,1,0.0,7604.999999999999,3,1.5
106963,10400.0,0.0,3.0,1.0,3.0,3.0,1.0,5.0,0.0,1.0,3.0,0,0.0,3.0,3.0,1.0,2.0,7.0,0.0,0.0,0.0,3,2444.0,2.0,57200,220210,270000,0,1,0.0,0.0,0.0,4.0,1,1.0,10400.0,4,2.5
182772,5040.0,0.0,1.0,1.0,2.0,3.0,1.0,5.0,0.0,0.0,3.0,0,0.0,0.0,0.0,0.0,0.0,7.0,0.0,0.0,0.0,3,1415.0,2.0,18900,50040,31614,0,1,0.0,0.0,0.0,4.0,1,0.0,5040.000000000001,3,1.0
34211,6750.0,0.0,1.0,1.0,1.0,3.0,1.0,5.0,1.0,0.0,3.0,0,2.0,3.0,1.0,2.0,2.0,7.0,0.0,0.0,0.0,3,2236.0,2.0,47250,460170,769000,0,1,0.0,0.0,0.0,8.6,1,1.0,6750.0,4,2.5
112496,3780.0,0.0,2.0,2.0,1.0,1.0,1.0,5.0,0.0,0.0,3.0,0,2.0,1.0,1.0,2.0,2.0,7.0,0.0,0.0,0.0,3,782.0,2.0,30240,82910,121000,0,1,0.0,0.0,0.0,9.8,1,1.0,3780.0,3,1.5
179129,11135.0,0.0,3.0,1.0,2.0,3.0,1.0,5.0,0.0,0.0,3.0,0,2.0,0.0,0.0,0.0,0.0,7.0,0.0,0.0,0.0,3,2272.0,2.0,55670,255880,320000,0,1,0.0,0.0,0.0,4.2,1,0.0,11135.0,4,2.0
78502,7500.0,0.0,3.0,1.0,3.0,1.0,1.0,5.0,1.0,1.0,3.0,0,0.0,3.0,2.0,1.0,2.0,7.0,0.0,0.0,0.0,3,2430.0,2.0,22500,135870,203000,0,1,0.0,0.0,0.0,4.4,1,1.0,7500.0,5,2.5
129722,3100.0,0.0,1.0,1.0,1.0,1.0,1.0,5.0,1.0,2.0,3.0,0,2.0,3.0,1.0,2.0,2.0,7.0,0.0,0.0,0.0,3,2846.0,2.0,142600,533470,1,0,1,0.0,0.0,0.0,0.1,0,1.0,3099.9999999999995,4,3.5
190088,42253.0,0.0,3.0,1.0,1.0,3.0,1.0,5.0,1.0,1.0,3.0,0,1.0,5.0,2.0,1.0,1.0,7.0,0.0,0.0,0.0,3,2080.0,2.0,42250,243720,224900,0,1,0.0,0.0,0.0,1.7,1,1.0,42253.0,3,3.0
179417,4960.0,0.0,2.0,1.0,3.0,1.0,1.0,5.0,1.0,0.0,3.0,0,0.0,3.0,1.0,2.0,2.0,7.0,0.0,0.0,0.0,3,1161.0,2.0,43400,246900,290000,0,1,0.0,0.0,0.0,6.9,1,1.0,4960.0,3,1.5
153163,6700.0,0.0,1.0,1.0,4.0,3.0,1.0,5.0,0.0,0.0,1.0,1,2.0,3.0,1.0,2.0,2.0,7.0,0.0,0.0,0.0,1,1385.0,2.0,26800,111880,76500,0,1,0.0,0.0,0.0,7.1,1,1.0,6699.999999999999,3,1.5
84771,3025.0,0.0,1.0,1.0,1.0,3.0,1.0,5.0,0.0,0.0,3.0,0,0.0,3.0,1.0,2.0,2.0,7.0,0.0,0.0,0.0,3,1029.0,2.0,18150,62080,18000,0,1,0.0,0.0,1.0,12.8,1,1.0,3025.0,3,1.5
91537,3780.0,0.0,2.0,1.0,1.0,3.0,1.0,5.0,0.0,0.0,2.0,3,2.0,3.0,1.0,2.0,2.0,7.0,0.0,0.0,0.0,1,1175.0,2.0,28350,63070,1,0,1,0.0,0.0,0.0,9.2,0,1.0,3780.0,3,1.0
185182,6300.0,0.0,2.0,2.0,2.0,3.0,1.0,5.0,1.0,0.0,3.0,0,2.0,0.0,0.0,0.0,0.0,7.0,0.0,0.0,0.0,3,5628.0,2.0,113400,400960,937500,0,1,0.0,0.0,0.0,6.2,1,0.0,6300.0,5,2.5
105512,6500.0,0.0,2.0,1.0,1.0,3.0,1.0,5.0,0.0,1.0,3.0,0,0.0,0.0,0.0,0.0,0.0,7.0,0.0,0.0,0.0,3,1305.0,2.0,52000,117440,145000,0,1,0.0,0.0,0.0,6.0,1,0.0,6499.999999999999,3,1.0
27447,3175.0,0.0,1.0,2.0,1.0,3.0,1.0,2.0,0.0,0.0,3.0,0,0.0,3.0,1.0,2.0,2.0,7.0,0.0,0.0,0.0,3,892.0,2.0,57150,165670,600000,0,1,0.0,0.0,0.0,12.4,1,1.0,3175.0000000000005,3,2.0
106658,8960.0,0.0,2.0,1.0,1.0,1.0,1.0,5.0,1.0,0.0,3.0,0,0.0,0.0,0.0,0.0,0.0,7.0,0.0,0.0,0.0,1,1311.0,2.0,40320,159670,195900,0,1,0.0,1.0,0.0,5.9,1,0.0,8960.0,3,1.0
47151,20284.0,0.0,1.0,1.0,1.0,3.0,1.0,5.0,0.0,0.0,2.0,3,0.0,3.0,1.0,2.0,2.0,7.0,0.0,0.0,0.0,3,926.0,2.0,65920,39850,27000,0,1,0.0,0.0,0.0,6.4,1,1.0,20284.000000000004,2,1.0
102091,7100.0,0.0,3.0,1.0,1.0,1.0,1.0,5.0,0.0,0.0,1.0,3,0.0,3.0,1.0,2.0,2.0,7.0,0.0,0.0,0.0,3,1288.0,2.0,23070,116390,100500,0,1,0.0,0.0,0.0,6.1,1,1.0,7099.999999999999,4,1.5
56137,2976.0,0.0,2.0,6.0,1.0,3.0,2.0,5.0,1.0,1.0,1.0,1,2.0,3.0,2.0,2.0,2.0,7.0,0.0,0.0,0.0,1,3970.0,1.0,74400,523080,1000000,0,1,0.0,0.0,0.0,12.4,1,1.0,2975.9999999999995,2,2.5
152675,3750.0,0.0,2.0,1.0,1.0,3.0,2.0,5.0,0.0,0.0,2.0,3,0.0,3.0,1.0,2.0,2.0,7.0,0.0,0.0,0.0,3,1638.0,2.0,54370,270110,1,0,1,0.0,0.0,0.0,9.5,0,1.0,3750.000000000001,3,2.0
171142,43604.0,0.0,3.0,1.0,2.0,3.0,1.0,5.0,1.0,1.0,2.0,3,0.0,4.0,1.0,1.0,1.0,7.0,0.0,0.0,0.0,3,3129.0,3.0,261620,338380,825000,0,1,0.0,0.0,0.0,6.2,1,1.0,43604.000000000015,3,2.5
1922,4375.0,0.0,2.0,1.0,1.0,1.0,1.0,5.0,1.0,0.0,1.0,1,0.0,3.0,1.0,2.0,2.0,7.0,0.0,0.0,0.0,3,1200.0,2.0,48120,205230,310000,0,1,0.0,0.0,0.0,6.2,1,1.0,4375.000000000001,3,2.0
139297,14597.0,0.0,1.0,1.0,1.0,3.0,1.0,5.0,1.0,1.0,3.0,0,2.0,5.0,1.0,1.0,1.0,7.0,0.0,0.0,0.0,3,4658.0,2.0,138670,27380,860000,0,1,0.0,0.0,1.0,0.1,1,1.0,14597.0,4,3.0
203128,5400.0,0.0,1.0,1.0,4.0,3.0,1.0,5.0,0.0,0.0,3.0,0,2.0,2.0,1.0,2.0,2.0,7.0,0.0,0.0,0.0,3,1008.0,2.0,21600,76790,157000,0,1,0.0,0.0,0.0,5.8,1,1.0,5400.000000000001,3,1.0
130534,10436.0,0.0,1.0,1.0,1.0,3.0,1.0,5.0,1.0,0.0,3.0,0,0.0,3.0,1.0,1.0,1.0,7.0,0.0,0.0,0.0,3,2503.0,2.0,52180,201490,321900,0,1,0.0,0.0,0.0,2.8,1,1.0,10436.0,4,2.5
126182,11220.0,0.0,1.0,1.0,4.0,3.0,1.0,5.0,0.0,0.0,3.0,0,0.0,3.0,1.0,2.0,2.0,7.0,0.0,0.0,0.0,3,1115.0,2.0,33660,116070,171500,0,1,0.0,0.0,0.0,6.2,1,1.0,11220.0,3,1.0
54768,6650.0,0.0,3.0,1.0,4.0,3.0,1.0,5.0,1.0,0.0,2.0,3,2.0,2.0,1.0,2.0,2.0,7.0,0.0,0.0,0.0,3,1961.0,2.0,44880,258180,365000,0,1,0.0,0.0,0.0,6.3,1,1.0,6649.999999999999,4,1.0
5935,3100.0,0.0,2.0,1.0,1.0,3.0,2.0,5.0,1.0,2.0,2.0,3,2.0,3.0,2.0,2.0,2.0,7.0,0.0,0.0,0.0,3,3916.0,2.0,279000,2144400,2400000,0,1,0.0,0.0,0.0,1.6,1,1.0,3099.9999999999995,4,3.5
136723,6250.0,0.0,1.0,1.0,1.0,1.0,2.0,5.0,0.0,0.0,1.0,1,0.0,3.0,1.0,2.0,2.0,7.0,0.0,0.0,0.0,3,1374.0,2.0,23430,106860,125000,0,1,0.0,0.0,0.0,5.8,1,1.0,6250.000000000001,3,1.5
131849,15300.0,0.0,1.0,1.0,3.0,3.0,1.0,5.0,0.0,0.0,2.0,1,2.0,3.0,1.0,2.0,2.0,7.0,0.0,0.0,0.0,3,1263.0,2.0,42070,95870,123400,0,1,0.0,0.0,0.0,7.3,1,1.0,15300.0,3,1.0
196305,20100.0,0.0,1.0,1.0,2.0,3.0,1.0,5.0,0.0,0.0,3.0,0,2.0,3.0,1.0,2.0,2.0,7.0,0.0,0.0,0.0,3,1620.0,2.0,35170,93500,120000,0,1,0.0,0.0,1.0,5.3,1,1.0,20100.0,3,2.0
58363,6210.0,0.0,1.0,1.0,1.0,3.0,1.0,5.0,1.0,1.0,1.0,1,2.0,3.0,1.0,2.0,2.0,7.0,0.0,0.0,0.0,1,1721.0,2.0,27940,221890,218000,0,1,0.0,0.0,1.0,7.3,1,1.0,6210.0,3,1.5
60222,4125.0,0.0,2.0,1.0,1.0,1.0,1.0,5.0,1.0,0.0,3.0,0,2.0,3.0,1.0,2.0,2.0,7.0,0.0,0.0,0.0,3,1110.0,2.0,39180,183040,350000,0,1,0.0,0.0,0.0,5.7,1,1.0,4125.000000000001,3,2.0
99034,7150.0,0.0,1.0,1.0,3.0,3.0,1.0,5.0,1.0,0.0,3.0,0,0.0,3.0,1.0,1.0,1.0,7.0,0.0,0.0,0.0,3,2148.0,2.0,26810,184990,125000,0,1,0.0,0.0,0.0,1.7,1,1.0,7150.0,4,2.5
91657,20128.0,0.0,2.0,1.0,1.0,3.0,1.0,5.0,1.0,0.0,3.0,0,2.0,1.0,1.0,2.0,2.0,7.0,0.0,0.0,0.0,3,1375.0,2.0,191210,43030,1,0,1,0.0,0.0,1.0,5.1,0,1.0,20128.0,3,2.0
204134,5895.0,0.0,1.0,1.0,1.0,3.0,1.0,5.0,0.0,0.0,1.0,3,0.0,0.0,0.0,0.0,0.0,7.0,0.0,0.0,0.0,1,750.0,2.0,23580,123790,180000,0,1,0.0,0.0,0.0,8.7,1,0.0,5895.000000000001,2,1.0
111703,5719.0,0.0,2.0,1.0,1.0,3.0,1.0,5.0,1.0,0.0,1.0,1,2.0,3.0,3.0,2.0,2.0,7.0,0.0,0.0,0.0,3,1160.0,2.0,42890,46700,70000,0,1,0.0,0.0,0.0,7.3,1,1.0,5719.000000000001,3,1.0
46930,3780.0,0.0,1.0,1.0,1.0,3.0,1.0,5.0,1.0,0.0,1.0,1,2.0,3.0,1.0,2.0,2.0,7.0,0.0,0.0,0.0,3,1692.0,2.0,79380,395960,725000,0,1,0.0,0.0,0.0,10.5,1,1.0,3780.0,4,1.5
202863,4788.0,0.0,2.0,1.0,1.0,3.0,1.0,5.0,1.0,0.0,3.0,0,0.0,3.0,1.0,2.0,2.0,7.0,0.0,0.0,0.0,3,1190.0,2.0,20340,115090,211000,0,1,0.0,0.0,0.0,7.1,1,1.0,4788.0,3,1.0
39508,7000.0,0.0,2.0,1.0,3.0,3.0,1.0,5.0,1.0,1.0,3.0,0,1.0,4.0,2.0,1.0,1.0,7.0,0.0,0.0,0.0,3,3718.0,2.0,52500,518450,560000,0,1,0.0,0.0,0.0,6.2,1,1.0,7000.000000000001,4,2.5
159614,6435.0,0.0,3.0,1.0,2.0,3.0,1.0,5.0,0.0,0.0,1.0,1,2.0,3.0,1.0,2.0,2.0,7.0,0.0,0.0,0.0,3,1024.0,2.0,22520,44030,148000,0,1,0.0,0.0,0.0,6.2,1,1.0,6434.999999999999,2,2.0
75175,3750.0,0.0,2.0,1.0,1.0,3.0,1.0,5.0,0.0,0.0,1.0,3,0.0,3.0,1.0,2.0,2.0,7.0,0.0,0.0,0.0,1,1064.0,2.0,26250,91550,140000,0,1,0.0,0.0,0.0,9.7,1,1.0,3750.000000000001,3,1.0
69085,3125.0,0.0,2.0,1.0,1.0,3.0,1.0,5.0,1.0,0.0,3.0,0,2.0,3.0,1.0,2.0,2.0,7.0,0.0,0.0,0.0,3,1102.0,2.0,28120,226660,1,0,1,0.0,0.0,0.0,1.9,0,1.0,3125.0,3,2.0
82621,4625.0,0.0,1.0,1.0,1.0,3.0,1.0,5.0,1.0,0.0,1.0,1,2.0,0.0,0.0,0.0,0.0,7.0,0.0,0.0,0.0,1,1278.0,2.0,23120,126270,200750,0,1,0.0,0.0,1.0,9.0,1,0.0,4625.0,3,1.5
159030,3837.0,0.0,2.0,1.0,1.0,3.0,1.0,5.0,1.0,0.0,3.0,0,0.0,3.0,1.0,2.0,2.0,7.0,0.0,0.0,0.0,3,978.0,2.0,24940,69640,195000,0,1,0.0,0.0,0.0,5.6,1,1.0,3837.000000000001,3,1.0
39113,10325.0,0.0,3.0,1.0,2.0,3.0,1.0,5.0,1.0,0.0,1.0,3,0.0,3.0,1.0,2.0,2.0,7.0,0.0,0.0,0.0,3,1158.0,2.0,38710,158200,237500,0,1,0.0,0.0,0.0,4.2,1,1.0,10325.000000000002,3,1.0
183125,2800.0,0.0,2.0,1.0,1.0,3.0,1.0,5.0,0.0,0.0,3.0,0,0.0,0.0,0.0,0.0,0.0,7.0,0.0,0.0,0.0,3,1045.0,3.0,25200,79320,85000,0,1,0.0,0.0,0.0,4.8,1,0.0,2800.0,3,1.0
144827,11200.0,0.0,3.0,1.0,3.0,3.0,1.0,5.0,1.0,1.0,3.0,0,2.0,5.0,2.0,1.0,2.0,7.0,0.0,0.0,0.0,3,2404.0,2.0,30800,162270,315000,0,1,0.0,0.0,1.0,1.5,1,1.0,11200.0,3,2.5
7698,9625.0,0.0,1.0,1.0,2.0,3.0,1.0,5.0,0.0,0.0,3.0,0,0.0,1.0,1.0,1.0,2.0,7.0,0.0,0.0,0.0,3,1557.0,2.0,40900,205540,293500,0,1,0.0,0.0,0.0,4.2,1,1.0,9625.000000000002,3,2.0
188749,7842.0,0.0,1.0,1.0,3.0,3.0,1.0,5.0,1.0,1.0,3.0,0,1.0,3.0,1.0,1.0,2.0,7.0,0.0,0.0,0.0,3,1694.0,2.0,74490,315730,525000,0,1,0.0,0.0,0.0,3.8,1,1.0,7842.0,3,1.5
116067,9690.0,0.0,3.0,1.0,3.0,3.0,1.0,5.0,0.0,1.0,3.0,0,0.0,2.0,2.0,1.0,2.0,7.0,0.0,0.0,0.0,3,1930.0,2.0,48450,234750,305000,0,1,0.0,0.0,0.0,5.7,1,1.0,9689.999999999998,4,2.5
161891,3906.0,0.0,1.0,1.0,2.0,3.0,1.0,5.0,0.0,0.0,3.0,0,0.0,0.0,0.0,0.0,0.0,7.0,0.0,0.0,0.0,3,1121.0,2.0,31240,109390,220000,0,1,0.0,0.0,0.0,6.2,1,0.0,3906.000000000001,3,1.0
26963,5250.0,0.0,1.0,1.0,1.0,1.0,1.0,5.0,1.0,0.0,1.0,3,2.0,3.0,1.0,2.0,2.0,7.0,0.0,0.0,0.0,3,855.0,2.0,57750,152790,310000,0,1,0.0,0.0,1.0,11.0,1,1.0,5250.000000000001,4,1.5
36749,6916.0,0.0,1.0,1.0,3.0,1.0,1.0,5.0,1.0,0.0,3.0,0,2.0,3.0,1.0,2.0,2.0,7.0,0.0,0.0,0.0,3,957.0,2.0,19010,73490,1,0,1,0.0,0.0,0.0,6.9,0,1.0,6915.999999999999,2,2.0
121653,3780.0,0.0,3.0,1.0,1.0,3.0,1.0,5.0,0.0,0.0,1.0,1,2.0,3.0,1.0,2.0,2.0,7.0,0.0,0.0,0.0,1,1576.0,2.0,24570,83140,35100,0,1,0.0,0.0,0.0,8.8,1,1.0,3780.0,4,1.0
123813,12800.0,0.0,3.0,1.0,3.0,3.0,1.0,5.0,1.0,1.0,3.0,0,0.0,3.0,3.0,1.0,1.0,7.0,0.0,0.0,0.0,3,3098.0,2.0,67200,289120,318000,0,1,0.0,0.0,0.0,2.7,1,1.0,12799.999999999998,3,2.5
183878,6820.0,0.0,2.0,1.0,1.0,3.0,1.0,5.0,0.0,0.0,3.0,0,0.0,3.0,1.0,2.0,2.0,7.0,0.0,0.0,0.0,3,1296.0,2.0,27280,137380,210000,0,1,0.0,0.0,0.0,4.9,1,1.0,6819.999999999999,3,1.0
46582,7500.0,0.0,2.0,1.0,1.0,3.0,1.0,5.0,1.0,2.0,3.0,0,1.0,3.0,2.0,1.0,1.0,7.0,0.0,0.0,0.0,3,3357.0,2.0,52500,663340,1100000,0,1,0.0,0.0,0.0,1.6,1,1.0,7500.0,5,4.5
9929,5580.0,0.0,2.0,1.0,2.0,3.0,1.0,5.0,0.0,0.0,2.0,3,2.0,0.0,0.0,0.0,0.0,7.0,0.0,0.0,0.0,3,1176.0,2.0,33480,89180,28000,0,1,0.0,0.0,0.0,5.6,1,0.0,5580.0,3,1.0
143906,7335.0,0.0,1.0,1.0,2.0,3.0,1.0,5.0,0.0,0.0,3.0,0,0.0,1.0,1.0,1.0,2.0,7.0,0.0,0.0,0.0,3,1144.0,2.0,29340,128240,155500,0,1,0.0,0.0,0.0,5.3,1,1.0,7334.999999999999,3,1.0
122086,7700.0,0.0,3.0,1.0,1.0,1.0,1.0,2.0,0.0,0.0,3.0,0,0.0,3.0,1.0,2.0,2.0,7.0,0.0,0.0,0.0,1,780.0,2.0,34650,128420,200000,0,1,0.0,0.0,0.0,7.2,1,1.0,7699.999999999999,3,1.0
55089,6250.0,0.0,2.0,1.0,1.0,1.0,1.0,5.0,1.0,0.0,1.0,3,0.0,3.0,1.0,2.0,2.0,7.0,0.0,0.0,0.0,3,1995.0,2.0,53120,221070,262000,0,1,0.0,0.0,0.0,5.6,1,1.0,6250.000000000001,4,2.0
2913,4300.0,0.0,1.0,5.0,1.0,3.0,1.0,5.0,1.0,0.0,3.0,0,0.0,3.0,1.0,2.0,2.0,7.0,0.0,0.0,0.0,3,1148.0,2.0,9670,32030,11000,0,1,0.0,1.0,0.0,12.8,1,1.0,4300.0,4,2.0
130888,3125.0,0.0,2.0,1.0,1.0,3.0,1.0,5.0,1.0,1.0,3.0,0,2.0,3.0,1.0,2.0,2.0,7.0,0.0,0.0,0.0,3,1209.0,2.0,137500,290830,1,0,1,0.0,0.0,0.0,1.9,0,1.0,3125.0,3,2.0
145612,4092.0,0.0,2.0,1.0,1.0,3.0,1.0,5.0,0.0,1.0,3.0,0,0.0,1.0,1.0,2.0,2.0,7.0,0.0,0.0,0.0,3,1697.0,2.0,57280,317340,571000,0,1,0.0,0.0,0.0,7.4,1,1.0,4092.000000000001,3,2.0
29280,3750.0,0.0,2.0,1.0,1.0,3.0,1.0,5.0,0.0,0.0,2.0,3,0.0,3.0,1.0,2.0,2.0,7.0,0.0,0.0,0.0,3,1112.0,2.0,31870,138080,61061,0,1,0.0,0.0,0.0,5.2,1,1.0,3750.000000000001,3,1.0
21081,3125.0,0.0,1.0,1.0,1.0,3.0,2.0,2.0,0.0,0.0,3.0,0,0.0,3.0,1.0,2.0,2.0,7.0,0.0,0.0,0.0,3,840.0,2.0,20310,52330,1000,0,1,0.0,0.0,0.0,13.2,0,1.0,3125.0,3,1.0
9771,8340.0,0.0,3.0,1.0,1.0,3.0,1.0,5.0,1.0,1.0,1.0,3,2.0,3.0,3.0,1.0,2.0,7.0,0.0,0.0,0.0,3,2570.0,2.0,25020,169450,95000,0,1,0.0,0.0,0.0,1.6,1,1.0,8340.000000000004,3,2.0
131658,3750.0,0.0,2.0,1.0,1.0,1.0,1.0,5.0,0.0,0.0,3.0,0,0.0,2.0,1.0,2.0,2.0,7.0,0.0,0.0,0.0,3,976.0,2.0,31870,119110,90000,0,1,0.0,0.0,0.0,6.3,1,1.0,3750.000000000001,3,2.0
25539,3630.0,0.0,1.0,1.0,1.0,3.0,1.0,5.0,1.0,0.0,2.0,1,2.0,3.0,1.0,2.0,2.0,7.0,0.0,0.0,0.0,3,1368.0,2.0,36300,131750,167000,0,1,0.0,0.0,0.0,9.7,1,1.0,3630.000000000002,2,2.0
80026,3906.0,0.0,1.0,1.0,1.0,3.0,2.0,2.0,0.0,0.0,3.0,0,1.0,3.0,1.0,2.0,2.0,7.0,0.0,0.0,0.0,3,1840.0,2.0,39060,193240,306000,0,1,0.0,0.0,0.0,10.5,1,1.0,3906.000000000001,4,2.0
119477,20072.0,0.0,3.0,1.0,3.0,1.0,1.0,5.0,1.0,1.0,3.0,0,0.0,4.0,2.0,1.0,2.0,7.0,0.0,0.0,0.0,1,1920.0,2.0,110390,288190,450000,0,1,0.0,0.0,0.0,5.9,1,1.0,20072.000000000004,4,2.5
161794,5544.0,0.0,2.0,1.0,1.0,3.0,1.0,5.0,0.0,0.0,1.0,1,2.0,3.0,1.0,2.0,2.0,7.0,0.0,0.0,0.0,1,1763.0,2.0,60980,221110,1,0,1,0.0,0.0,0.0,7.7,0,1.0,5544.0,3,1.5
84177,3780.0,0.0,1.0,1.0,2.0,3.0,1.0,5.0,0.0,0.0,3.0,0,0.0,1.0,1.0,2.0,2.0,7.0,0.0,0.0,0.0,3,960.0,2.0,34020,130220,1,0,1,0.0,0.0,0.0,5.9,0,1.0,3780.0,2,1.0
55343,4712.0,0.0,2.0,1.0,1.0,1.0,1.0,5.0,1.0,0.0,3.0,0,2.0,3.0,1.0,2.0,2.0,7.0,0.0,0.0,0.0,3,998.0,2.0,47120,167160,271000,0,1,0.0,0.0,0.0,6.0,1,1.0,4711.999999999999,3,1.5
112281,7788.0,0.0,1.0,1.0,3.0,1.0,1.0,5.0,1.0,0.0,3.0,0,0.0,1.0,1.0,1.0,2.0,7.0,0.0,0.0,0.0,3,1256.0,2.0,23360,163260,177500,0,1,0.0,0.0,0.0,4.6,1,1.0,7788.000000000001,3,2.0
176550,6000.0,0.0,2.0,1.0,1.0,3.0,1.0,5.0,0.0,0.0,1.0,3,0.0,2.0,1.0,2.0,2.0,7.0,0.0,0.0,0.0,1,1504.0,2.0,36000,114070,1,0,1,0.0,0.0,0.0,7.4,0,1.0,6000.0,3,1.5
166646,4092.0,0.0,2.0,1.0,1.0,1.0,2.0,5.0,0.0,0.0,2.0,3,2.0,3.0,2.0,2.0,2.0,7.0,0.0,0.0,0.0,1,1209.0,2.0,45010,85070,174900,0,1,0.0,0.0,0.0,9.4,1,1.0,4092.000000000001,3,1.0
96180,3780.0,0.0,2.0,1.0,1.0,1.0,1.0,5.0,1.0,0.0,3.0,0,0.0,3.0,1.0,2.0,2.0,7.0,0.0,0.0,0.0,3,1122.0,2.0,26460,119990,135000,0,1,0.0,0.0,0.0,5.5,1,1.0,3780.0,3,1.5
90706,3720.0,0.0,1.0,1.0,2.0,3.0,1.0,5.0,0.0,0.0,3.0,0,0.0,1.0,1.0,2.0,2.0,7.0,0.0,0.0,0.0,3,1000.0,2.0,40920,49580,22000,0,1,0.0,0.0,0.0,10.3,1,1.0,3720.0,2,1.0
176081,6136.0,0.0,2.0,1.0,1.0,3.0,1.0,5.0,1.0,0.0,3.0,0,0.0,3.0,1.0,2.0,2.0,7.0,0.0,0.0,0.0,3,973.0,2.0,44480,197370,255000,0,1,0.0,0.0,0.0,6.3,1,1.0,6136.000000000001,3,1.0
128545,5500.0,0.0,2.0,1.0,4.0,3.0,1.0,5.0,0.0,0.0,3.0,0,0.0,1.0,2.0,1.0,2.0,7.0,0.0,0.0,0.0,1,779.0,2.0,30250,89270,105000,0,1,0.0,0.0,0.0,7.1,1,1.0,5500.0,2,1.0
107223,6200.0,0.0,3.0,1.0,2.0,3.0,1.0,5.0,0.0,0.0,2.0,3,0.0,3.0,1.0,2.0,2.0,7.0,0.0,0.0,0.0,3,1147.0,2.0,18600,68010,89850,0,1,0.0,1.0,0.0,5.3,1,1.0,6200.0,3,1.0
112455,13693.0,0.0,3.0,1.0,1.0,3.0,1.0,5.0,1.0,1.0,3.0,0,1.0,5.0,2.0,1.0,1.0,7.0,0.0,0.0,0.0,3,3656.0,1.0,78730,552060,535000,0,1,0.0,0.0,1.0,1.9,1,1.0,13693.000000000002,6,3.0
192264,3125.0,0.0,1.0,1.0,1.0,3.0,1.0,5.0,0.0,0.0,2.0,3,2.0,0.0,0.0,0.0,0.0,7.0,0.0,0.0,0.0,1,576.0,2.0,15620,42460,5100,0,1,0.0,0.0,0.0,12.8,0,0.0,3125.0,1,1.0
135617,4687.0,0.0,1.0,1.0,2.0,3.0,1.0,5.0,0.0,0.0,3.0,0,0.0,0.0,0.0,0.0,0.0,7.0,0.0,0.0,0.0,3,1075.0,2.0,56240,159280,237100,0,1,0.0,0.0,0.0,9.0,1,0.0,4687.0,2,1.0
114221,13520.0,0.0,3.0,1.0,4.0,3.0,1.0,5.0,1.0,1.0,3.0,0,0.0,3.0,2.0,1.0,1.0,7.0,0.0,0.0,0.0,3,2018.0,2.0,50700,157130,137000,0,1,0.0,0.0,0.0,2.8,1,1.0,13520.000000000004,3,2.0
122695,3750.0,0.0,2.0,1.0,1.0,3.0,1.0,5.0,0.0,0.0,3.0,0,2.0,1.0,1.0,2.0,2.0,7.0,0.0,0.0,0.0,3,1335.0,2.0,24370,89610,50459,0,1,0.0,0.0,0.0,6.3,1,1.0,3750.000000000001,3,1.0
64997,3075.0,0.0,1.0,1.0,1.0,3.0,1.0,5.0,0.0,0.0,1.0,1,0.0,1.0,1.0,1.0,1.0,7.0,0.0,0.0,0.0,1,1618.0,2.0,24600,103950,1,0,1,0.0,0.0,0.0,13.2,0,1.0,3075.0,3,1.0
79177,3100.0,0.0,1.0,1.0,1.0,3.0,1.0,5.0,0.0,0.0,1.0,1,2.0,3.0,1.0,2.0,2.0,7.0,0.0,0.0,0.0,3,1391.0,2.0,43400,270420,388000,0,1,0.0,0.0,0.0,12.6,1,1.0,3099.9999999999995,3,1.5
53795,2900.0,0.0,3.0,1.0,1.0,1.0,1.0,5.0,0.0,0.0,1.0,3,0.0,0.0,0.0,0.0,0.0,7.0,0.0,0.0,0.0,1,756.0,2.0,18850,43700,1,0,1,0.0,0.0,0.0,11.1,0,0.0,2900.0,2,2.0
197618,20017.0,0.0,2.0,1.0,3.0,3.0,1.0,5.0,0.0,2.0,3.0,0,0.0,3.0,2.0,1.0,2.0,7.0,0.0,0.0,0.0,3,1165.0,2.0,180150,82950,300000,0,1,0.0,0.0,0.0,5.6,1,1.0,20017.0,3,1.5
42583,9000.0,0.0,3.0,1.0,1.0,1.0,1.0,5.0,0.0,1.0,2.0,3,0.0,1.0,2.0,1.0,2.0,7.0,0.0,0.0,0.0,1,1136.0,2.0,83250,222940,371500,0,1,0.0,0.0,0.0,6.3,1,1.0,8999.999999999996,3,1.5
36939,3844.0,0.0,2.0,1.0,1.0,3.0,2.0,5.0,0.0,0.0,3.0,0,0.0,3.0,1.0,2.0,2.0,7.0,0.0,0.0,0.0,3,1243.0,2.0,30750,117970,85000,0,1,0.0,0.0,0.0,9.3,1,1.0,3844.0,3,1.0
102088,3125.0,0.0,1.0,1.0,2.0,3.0,2.0,5.0,0.0,0.0,3.0,0,0.0,3.0,1.0,2.0,2.0,7.0,0.0,0.0,0.0,1,882.0,2.0,23430,40350,20000,0,1,0.0,0.0,0.0,11.0,1,1.0,3125.0,2,1.5
184712,8125.0,0.0,3.0,1.0,1.0,3.0,1.0,5.0,1.0,1.0,3.0,0,0.0,3.0,2.0,1.0,2.0,7.0,0.0,0.0,0.0,3,2050.0,2.0,24370,137410,80000,0,1,0.0,0.0,0.0,3.2,1,1.0,8124.999999999997,4,2.5
133689,3750.0,0.0,3.0,1.0,1.0,3.0,1.0,5.0,1.0,0.0,1.0,1,0.0,3.0,1.0,2.0,2.0,7.0,0.0,0.0,0.0,3,1533.0,2.0,45000,270150,400000,0,1,0.0,0.0,0.0,6.5,1,1.0,3750.000000000001,4,2.0
30556,3720.0,0.0,2.0,1.0,1.0,3.0,1.0,5.0,1.0,0.0,1.0,1,0.0,3.0,1.0,2.0,2.0,7.0,0.0,0.0,0.0,3,1328.0,2.0,46500,280020,1,0,1,0.0,0.0,0.0,7.0,0,1.0,3720.0,3,1.0
187698,11340.0,0.0,1.0,1.0,1.0,3.0,1.0,5.0,1.0,1.0,3.0,0,1.0,3.0,1.0,1.0,1.0,7.0,0.0,0.0,0.0,3,3504.0,2.0,36850,529100,560000,0,1,0.0,0.0,0.0,1.2,1,1.0,11340.000000000002,4,3.5
46549,5000.0,0.0,2.0,1.0,1.0,1.0,1.0,5.0,0.0,0.0,3.0,0,0.0,3.0,1.0,2.0,2.0,7.0,0.0,0.0,0.0,3,1081.0,2.0,37500,245790,311000,0,1,0.0,0.0,0.0,7.2,1,1.0,5000.0,2,1.0
147358,3690.0,0.0,1.0,1.0,2.0,3.0,1.0,5.0,0.0,0.0,1.0,1,0.0,0.0,0.0,0.0,0.0,7.0,0.0,0.0,0.0,3,1419.0,2.0,40590,183150,200000,0,1,0.0,0.0,0.0,9.3,1,0.0,3690.0,3,1.0
121002,9108.0,0.0,1.0,1.0,3.0,3.0,1.0,5.0,0.0,0.0,3.0,0,0.0,3.0,1.0,1.0,2.0,7.0,0.0,0.0,0.0,3,1504.0,2.0,40980,226290,358500,0,1,0.0,0.0,0.0,5.6,1,1.0,9108.0,4,2.0
158932,7969.0,0.0,2.0,1.0,1.0,3.0,1.0,5.0,1.0,2.0,3.0,0,0.0,1.0,1.0,2.0,2.0,7.0,0.0,0.0,0.0,3,1571.0,2.0,95620,309240,395000,0,1,0.0,0.0,0.0,6.4,1,1.0,7969.000000000001,3,1.5
